go.rudyc.auth_account,2019-03-20 02:25:20,
go.rudyc.auth_account,2019-03-20 02:25:30,
go.rudyc.auth_account,2019-03-20 02:25:40,
go.rudyc.auth_account,2019-03-20 02:25:50,
go.rudyc.auth_account,2019-03-20 02:26:00,0.007587582
go.rudyc.auth_account,2019-03-20 02:26:10,0.008623592
go.rudyc.auth_account,2019-03-20 02:26:20,
go.rudyc.auth_account,2019-03-20 02:26:30,
go.rudyc.auth_account,2019-03-20 02:26:40,
go.rudyc.auth_account,2019-03-20 02:26:50,
go.rudyc.auth_account,2019-03-20 02:27:00,
go.rudyc.auth_account,2019-03-20 02:27:10,
go.rudyc.auth_account,2019-03-20 02:27:20,
go.rudyc.auth_account,2019-03-20 02:27:30,
go.rudyc.auth_account,2019-03-20 02:27:40,
go.rudyc.auth_account,2019-03-20 02:27:50,
go.rudyc.auth_account,2019-03-20 02:28:00,
go.rudyc.auth_account,2019-03-20 02:28:10,
go.rudyc.auth_account,2019-03-20 02:28:20,
go.rudyc.auth_account,2019-03-20 02:28:30,
go.rudyc.auth_account,2019-03-20 02:28:40,
go.rudyc.auth_account,2019-03-20 02:28:50,
go.rudyc.auth_account,2019-03-20 02:29:00,
go.rudyc.auth_account,2019-03-20 02:29:10,
go.rudyc.auth_account,2019-03-20 02:29:20,
go.rudyc.auth_account,2019-03-20 02:29:30,
go.rudyc.auth_account,2019-03-20 02:29:40,
go.rudyc.auth_account,2019-03-20 02:29:50,
go.rudyc.auth_account,2019-03-20 02:30:00,
go.rudyc.auth_account,2019-03-20 02:30:10,
go.rudyc.auth_account,2019-03-20 02:30:20,
go.rudyc.auth_account,2019-03-20 02:30:30,
go.rudyc.auth_account,2019-03-20 02:30:40,
go.rudyc.auth_account,2019-03-20 02:30:50,
go.rudyc.auth_account,2019-03-20 02:31:00,
go.rudyc.auth_account,2019-03-20 02:31:10,
go.rudyc.auth_account,2019-03-20 02:31:20,
go.rudyc.auth_account,2019-03-20 02:31:30,
go.rudyc.auth_account,2019-03-20 02:31:40,
go.rudyc.auth_account,2019-03-20 02:31:50,
go.rudyc.auth_account,2019-03-20 02:32:00,
go.rudyc.auth_account,2019-03-20 02:32:10,
go.rudyc.auth_account,2019-03-20 02:32:20,
go.rudyc.auth_account,2019-03-20 02:32:30,
go.rudyc.auth_account,2019-03-20 02:32:40,
go.rudyc.auth_account,2019-03-20 02:32:50,
go.rudyc.auth_account,2019-03-20 02:33:00,
go.rudyc.auth_account,2019-03-20 02:33:10,
go.rudyc.auth_account,2019-03-20 02:33:20,
go.rudyc.auth_account,2019-03-20 02:33:30,
go.rudyc.auth_account,2019-03-20 02:33:40,
go.rudyc.auth_account,2019-03-20 02:33:50,
go.rudyc.auth_account,2019-03-20 02:34:00,
go.rudyc.auth_account,2019-03-20 02:34:10,
go.rudyc.auth_account,2019-03-20 02:34:20,
go.rudyc.auth_account,2019-03-20 02:34:30,
go.rudyc.auth_account,2019-03-20 02:34:40,
go.rudyc.auth_account,2019-03-20 02:34:50,
go.rudyc.auth_account,2019-03-20 02:35:00,
go.rudyc.auth_account,2019-03-20 02:35:10,
go.rudyc.auth_account,2019-03-20 02:35:20,
go.rudyc.auth_account,2019-03-20 02:35:30,
go.rudyc.auth_account,2019-03-20 02:35:40,
go.rudyc.auth_account,2019-03-20 02:35:50,
go.rudyc.auth_account,2019-03-20 02:36:00,
go.rudyc.auth_account,2019-03-20 02:36:10,
go.rudyc.auth_account,2019-03-20 02:36:20,
go.rudyc.auth_account,2019-03-20 02:36:30,
go.rudyc.auth_account,2019-03-20 02:36:40,
go.rudyc.auth_account,2019-03-20 02:36:50,
go.rudyc.auth_account,2019-03-20 02:37:00,
go.rudyc.auth_account,2019-03-20 02:37:10,
go.rudyc.auth_account,2019-03-20 02:37:20,
go.rudyc.auth_account,2019-03-20 02:37:30,
go.rudyc.auth_account,2019-03-20 02:37:40,
go.rudyc.auth_account,2019-03-20 02:37:50,0.008459941
go.rudyc.auth_account,2019-03-20 02:38:00,
go.rudyc.auth_account,2019-03-20 02:38:10,
go.rudyc.auth_account,2019-03-20 02:38:20,
go.rudyc.auth_account,2019-03-20 02:38:30,
go.rudyc.auth_account,2019-03-20 02:38:40,
go.rudyc.auth_account,2019-03-20 02:38:50,
go.rudyc.auth_account,2019-03-20 02:39:00,0.008778403
go.rudyc.auth_account,2019-03-20 02:39:10,
go.rudyc.auth_account,2019-03-20 02:39:20,
go.rudyc.auth_account,2019-03-20 02:39:30,
go.rudyc.auth_account,2019-03-20 02:39:40,
go.rudyc.auth_account,2019-03-20 02:39:50,
go.rudyc.auth_account,2019-03-20 02:40:00,
go.rudyc.auth_account,2019-03-20 02:40:10,0.008019937
go.rudyc.auth_account,2019-03-20 02:40:20,
go.rudyc.auth_account,2019-03-20 02:40:30,
go.rudyc.auth_account,2019-03-20 02:40:40,
go.rudyc.auth_account,2019-03-20 02:40:50,
go.rudyc.auth_account,2019-03-20 02:41:00,
go.rudyc.auth_account,2019-03-20 02:41:10,
go.rudyc.auth_account,2019-03-20 02:41:20,0.009007326
go.rudyc.auth_account,2019-03-20 02:41:30,
go.rudyc.auth_account,2019-03-20 02:41:40,
go.rudyc.auth_account,2019-03-20 02:41:50,
go.rudyc.auth_account,2019-03-20 02:42:00,
go.rudyc.auth_account,2019-03-20 02:42:10,
go.rudyc.auth_account,2019-03-20 02:42:20,
go.rudyc.auth_account,2019-03-20 02:42:30,0.008406668
go.rudyc.auth_account,2019-03-20 02:42:40,
go.rudyc.auth_account,2019-03-20 02:42:50,
go.rudyc.auth_account,2019-03-20 02:43:00,
go.rudyc.auth_account,2019-03-20 02:43:10,
go.rudyc.auth_account,2019-03-20 02:43:20,
go.rudyc.auth_account,2019-03-20 02:43:30,
go.rudyc.auth_account,2019-03-20 02:43:40,0.009820458
go.rudyc.auth_account,2019-03-20 02:43:50,
go.rudyc.auth_account,2019-03-20 02:44:00,
go.rudyc.auth_account,2019-03-20 02:44:10,
go.rudyc.auth_account,2019-03-20 02:44:20,
go.rudyc.auth_account,2019-03-20 02:44:30,
go.rudyc.auth_account,2019-03-20 02:44:40,0.008035416
go.rudyc.auth_account,2019-03-20 02:44:50,
go.rudyc.auth_account,2019-03-20 02:45:00,
go.rudyc.auth_account,2019-03-20 02:45:10,
go.rudyc.auth_account,2019-03-20 02:45:20,
go.rudyc.auth_account,2019-03-20 02:45:30,
go.rudyc.auth_account,2019-03-20 02:45:40,
go.rudyc.auth_account,2019-03-20 02:45:50,0.014385439
go.rudyc.auth_account,2019-03-20 02:46:00,
go.rudyc.auth_account,2019-03-20 02:46:10,
go.rudyc.auth_account,2019-03-20 02:46:20,
go.rudyc.auth_account,2019-03-20 02:46:30,
go.rudyc.auth_account,2019-03-20 02:46:40,
go.rudyc.auth_account,2019-03-20 02:46:50,
go.rudyc.auth_account,2019-03-20 02:47:00,0.278582944
go.rudyc.auth_account,2019-03-20 02:47:10,
go.rudyc.auth_account,2019-03-20 02:47:20,
go.rudyc.auth_account,2019-03-20 02:47:30,
go.rudyc.auth_account,2019-03-20 02:47:40,
go.rudyc.auth_account,2019-03-20 02:47:50,
go.rudyc.auth_account,2019-03-20 02:48:00,
go.rudyc.auth_account,2019-03-20 02:48:10,
go.rudyc.auth_account,2019-03-20 02:48:20,
go.rudyc.auth_account,2019-03-20 02:48:30,
go.rudyc.auth_account,2019-03-20 02:48:40,
go.rudyc.auth_account,2019-03-20 02:48:50,
go.rudyc.auth_account,2019-03-20 02:49:00,
go.rudyc.auth_account,2019-03-20 02:49:10,
go.rudyc.auth_account,2019-03-20 02:49:20,
go.rudyc.auth_account,2019-03-20 02:49:30,
go.rudyc.auth_account,2019-03-20 02:49:40,
go.rudyc.auth_account,2019-03-20 02:49:50,
go.rudyc.auth_account,2019-03-20 02:50:00,
go.rudyc.auth_account,2019-03-20 02:50:10,
go.rudyc.auth_account,2019-03-20 02:50:20,
go.rudyc.auth_account,2019-03-20 02:50:30,
go.rudyc.auth_account,2019-03-20 02:50:40,
go.rudyc.auth_account,2019-03-20 02:50:50,
go.rudyc.auth_account,2019-03-20 02:51:00,
go.rudyc.auth_account,2019-03-20 02:51:10,
go.rudyc.auth_account,2019-03-20 02:51:20,
go.rudyc.auth_account,2019-03-20 02:51:30,
go.rudyc.auth_account,2019-03-20 02:51:40,
go.rudyc.auth_account,2019-03-20 02:51:50,
go.rudyc.auth_account,2019-03-20 02:52:00,
go.rudyc.auth_account,2019-03-20 02:52:10,
go.rudyc.auth_account,2019-03-20 02:52:20,
go.rudyc.auth_account,2019-03-20 02:52:30,
go.rudyc.auth_account,2019-03-20 02:52:40,
go.rudyc.auth_account,2019-03-20 02:52:50,
go.rudyc.auth_account,2019-03-20 02:53:00,
go.rudyc.auth_account,2019-03-20 02:53:10,
go.rudyc.auth_account,2019-03-20 02:53:20,
go.rudyc.auth_account,2019-03-20 02:53:30,
go.rudyc.auth_account,2019-03-20 02:53:40,
go.rudyc.auth_account,2019-03-20 02:53:50,
go.rudyc.auth_account,2019-03-20 02:54:00,
go.rudyc.auth_account,2019-03-20 02:54:10,
go.rudyc.auth_account,2019-03-20 02:54:20,
go.rudyc.auth_account,2019-03-20 02:54:30,
go.rudyc.auth_account,2019-03-20 02:54:40,
go.rudyc.auth_account,2019-03-20 02:54:50,
go.rudyc.auth_account,2019-03-20 02:55:00,
go.rudyc.auth_account,2019-03-20 02:55:10,
go.rudyc.auth_account,2019-03-20 02:55:20,
go.rudyc.auth_account,2019-03-20 02:55:30,
go.rudyc.auth_account,2019-03-20 02:55:40,
go.rudyc.auth_account,2019-03-20 02:55:50,
go.rudyc.auth_account,2019-03-20 02:56:00,
go.rudyc.auth_account,2019-03-20 02:56:10,
go.rudyc.auth_account,2019-03-20 02:56:20,
go.rudyc.auth_account,2019-03-20 02:56:30,
go.rudyc.auth_account,2019-03-20 02:56:40,
go.rudyc.auth_account,2019-03-20 02:56:50,
go.rudyc.auth_account,2019-03-20 02:57:00,
go.rudyc.auth_account,2019-03-20 02:57:10,
go.rudyc.auth_account,2019-03-20 02:57:20,
go.rudyc.auth_account,2019-03-20 02:57:30,
go.rudyc.auth_account,2019-03-20 02:57:40,
go.rudyc.auth_account,2019-03-20 02:57:50,
go.rudyc.auth_account,2019-03-20 02:58:00,
go.rudyc.auth_account,2019-03-20 02:58:10,
go.rudyc.auth_account,2019-03-20 02:58:20,
go.rudyc.auth_account,2019-03-20 02:58:30,
go.rudyc.auth_account,2019-03-20 02:58:40,
go.rudyc.auth_account,2019-03-20 02:58:50,
go.rudyc.auth_account,2019-03-20 02:59:00,
go.rudyc.auth_account,2019-03-20 02:59:10,
go.rudyc.auth_account,2019-03-20 02:59:20,
go.rudyc.auth_account,2019-03-20 02:59:30,
go.rudyc.auth_account,2019-03-20 02:59:40,
go.rudyc.auth_account,2019-03-20 02:59:50,
go.rudyc.auth_account,2019-03-20 03:00:00,
go.rudyc.auth_account,2019-03-20 03:00:10,
go.rudyc.create_account,2019-03-20 02:25:20,
go.rudyc.create_account,2019-03-20 02:25:30,
go.rudyc.create_account,2019-03-20 02:25:40,
go.rudyc.create_account,2019-03-20 02:25:50,
go.rudyc.create_account,2019-03-20 02:26:00,0.037466701
go.rudyc.create_account,2019-03-20 02:26:10,0.028489554
go.rudyc.create_account,2019-03-20 02:26:20,
go.rudyc.create_account,2019-03-20 02:26:30,
go.rudyc.create_account,2019-03-20 02:26:40,
go.rudyc.create_account,2019-03-20 02:26:50,
go.rudyc.create_account,2019-03-20 02:27:00,
go.rudyc.create_account,2019-03-20 02:27:10,
go.rudyc.create_account,2019-03-20 02:27:20,
go.rudyc.create_account,2019-03-20 02:27:30,
go.rudyc.create_account,2019-03-20 02:27:40,
go.rudyc.create_account,2019-03-20 02:27:50,
go.rudyc.create_account,2019-03-20 02:28:00,
go.rudyc.create_account,2019-03-20 02:28:10,
go.rudyc.create_account,2019-03-20 02:28:20,
go.rudyc.create_account,2019-03-20 02:28:30,
go.rudyc.create_account,2019-03-20 02:28:40,
go.rudyc.create_account,2019-03-20 02:28:50,
go.rudyc.create_account,2019-03-20 02:29:00,
go.rudyc.create_account,2019-03-20 02:29:10,
go.rudyc.create_account,2019-03-20 02:29:20,
go.rudyc.create_account,2019-03-20 02:29:30,
go.rudyc.create_account,2019-03-20 02:29:40,
go.rudyc.create_account,2019-03-20 02:29:50,
go.rudyc.create_account,2019-03-20 02:30:00,
go.rudyc.create_account,2019-03-20 02:30:10,
go.rudyc.create_account,2019-03-20 02:30:20,
go.rudyc.create_account,2019-03-20 02:30:30,
go.rudyc.create_account,2019-03-20 02:30:40,
go.rudyc.create_account,2019-03-20 02:30:50,
go.rudyc.create_account,2019-03-20 02:31:00,
go.rudyc.create_account,2019-03-20 02:31:10,
go.rudyc.create_account,2019-03-20 02:31:20,
go.rudyc.create_account,2019-03-20 02:31:30,
go.rudyc.create_account,2019-03-20 02:31:40,
go.rudyc.create_account,2019-03-20 02:31:50,
go.rudyc.create_account,2019-03-20 02:32:00,
go.rudyc.create_account,2019-03-20 02:32:10,
go.rudyc.create_account,2019-03-20 02:32:20,
go.rudyc.create_account,2019-03-20 02:32:30,
go.rudyc.create_account,2019-03-20 02:32:40,
go.rudyc.create_account,2019-03-20 02:32:50,
go.rudyc.create_account,2019-03-20 02:33:00,
go.rudyc.create_account,2019-03-20 02:33:10,
go.rudyc.create_account,2019-03-20 02:33:20,
go.rudyc.create_account,2019-03-20 02:33:30,
go.rudyc.create_account,2019-03-20 02:33:40,
go.rudyc.create_account,2019-03-20 02:33:50,
go.rudyc.create_account,2019-03-20 02:34:00,
go.rudyc.create_account,2019-03-20 02:34:10,
go.rudyc.create_account,2019-03-20 02:34:20,
go.rudyc.create_account,2019-03-20 02:34:30,
go.rudyc.create_account,2019-03-20 02:34:40,
go.rudyc.create_account,2019-03-20 02:34:50,
go.rudyc.create_account,2019-03-20 02:35:00,
go.rudyc.create_account,2019-03-20 02:35:10,
go.rudyc.create_account,2019-03-20 02:35:20,
go.rudyc.create_account,2019-03-20 02:35:30,
go.rudyc.create_account,2019-03-20 02:35:40,
go.rudyc.create_account,2019-03-20 02:35:50,
go.rudyc.create_account,2019-03-20 02:36:00,
go.rudyc.create_account,2019-03-20 02:36:10,
go.rudyc.create_account,2019-03-20 02:36:20,
go.rudyc.create_account,2019-03-20 02:36:30,
go.rudyc.create_account,2019-03-20 02:36:40,
go.rudyc.create_account,2019-03-20 02:36:50,
go.rudyc.create_account,2019-03-20 02:37:00,
go.rudyc.create_account,2019-03-20 02:37:10,
go.rudyc.create_account,2019-03-20 02:37:20,
go.rudyc.create_account,2019-03-20 02:37:30,
go.rudyc.create_account,2019-03-20 02:37:40,
go.rudyc.create_account,2019-03-20 02:37:50,0.042055997
go.rudyc.create_account,2019-03-20 02:38:00,
go.rudyc.create_account,2019-03-20 02:38:10,
go.rudyc.create_account,2019-03-20 02:38:20,
go.rudyc.create_account,2019-03-20 02:38:30,
go.rudyc.create_account,2019-03-20 02:38:40,
go.rudyc.create_account,2019-03-20 02:38:50,
go.rudyc.create_account,2019-03-20 02:39:00,0.021124666
go.rudyc.create_account,2019-03-20 02:39:10,
go.rudyc.create_account,2019-03-20 02:39:20,
go.rudyc.create_account,2019-03-20 02:39:30,
go.rudyc.create_account,2019-03-20 02:39:40,
go.rudyc.create_account,2019-03-20 02:39:50,
go.rudyc.create_account,2019-03-20 02:40:00,
go.rudyc.create_account,2019-03-20 02:40:10,0.038058113
go.rudyc.create_account,2019-03-20 02:40:20,
go.rudyc.create_account,2019-03-20 02:40:30,
go.rudyc.create_account,2019-03-20 02:40:40,
go.rudyc.create_account,2019-03-20 02:40:50,
go.rudyc.create_account,2019-03-20 02:41:00,
go.rudyc.create_account,2019-03-20 02:41:10,
go.rudyc.create_account,2019-03-20 02:41:20,0.026543708
go.rudyc.create_account,2019-03-20 02:41:30,
go.rudyc.create_account,2019-03-20 02:41:40,
go.rudyc.create_account,2019-03-20 02:41:50,
go.rudyc.create_account,2019-03-20 02:42:00,
go.rudyc.create_account,2019-03-20 02:42:10,
go.rudyc.create_account,2019-03-20 02:42:20,
go.rudyc.create_account,2019-03-20 02:42:30,0.030116026
go.rudyc.create_account,2019-03-20 02:42:40,
go.rudyc.create_account,2019-03-20 02:42:50,
go.rudyc.create_account,2019-03-20 02:43:00,
go.rudyc.create_account,2019-03-20 02:43:10,
go.rudyc.create_account,2019-03-20 02:43:20,
go.rudyc.create_account,2019-03-20 02:43:30,
go.rudyc.create_account,2019-03-20 02:43:40,0.04540369
go.rudyc.create_account,2019-03-20 02:43:50,
go.rudyc.create_account,2019-03-20 02:44:00,
go.rudyc.create_account,2019-03-20 02:44:10,
go.rudyc.create_account,2019-03-20 02:44:20,
go.rudyc.create_account,2019-03-20 02:44:30,
go.rudyc.create_account,2019-03-20 02:44:40,0.043340069
go.rudyc.create_account,2019-03-20 02:44:50,
go.rudyc.create_account,2019-03-20 02:45:00,
go.rudyc.create_account,2019-03-20 02:45:10,
go.rudyc.create_account,2019-03-20 02:45:20,
go.rudyc.create_account,2019-03-20 02:45:30,
go.rudyc.create_account,2019-03-20 02:45:40,
go.rudyc.create_account,2019-03-20 02:45:50,0.022478252
go.rudyc.create_account,2019-03-20 02:46:00,
go.rudyc.create_account,2019-03-20 02:46:10,
go.rudyc.create_account,2019-03-20 02:46:20,
go.rudyc.create_account,2019-03-20 02:46:30,
go.rudyc.create_account,2019-03-20 02:46:40,
go.rudyc.create_account,2019-03-20 02:46:50,
go.rudyc.create_account,2019-03-20 02:47:00,0.034821808
go.rudyc.create_account,2019-03-20 02:47:10,
go.rudyc.create_account,2019-03-20 02:47:20,
go.rudyc.create_account,2019-03-20 02:47:30,
go.rudyc.create_account,2019-03-20 02:47:40,
go.rudyc.create_account,2019-03-20 02:47:50,
go.rudyc.create_account,2019-03-20 02:48:00,
go.rudyc.create_account,2019-03-20 02:48:10,
go.rudyc.create_account,2019-03-20 02:48:20,
go.rudyc.create_account,2019-03-20 02:48:30,
go.rudyc.create_account,2019-03-20 02:48:40,
go.rudyc.create_account,2019-03-20 02:48:50,
go.rudyc.create_account,2019-03-20 02:49:00,
go.rudyc.create_account,2019-03-20 02:49:10,
go.rudyc.create_account,2019-03-20 02:49:20,
go.rudyc.create_account,2019-03-20 02:49:30,
go.rudyc.create_account,2019-03-20 02:49:40,
go.rudyc.create_account,2019-03-20 02:49:50,
go.rudyc.create_account,2019-03-20 02:50:00,
go.rudyc.create_account,2019-03-20 02:50:10,
go.rudyc.create_account,2019-03-20 02:50:20,
go.rudyc.create_account,2019-03-20 02:50:30,
go.rudyc.create_account,2019-03-20 02:50:40,
go.rudyc.create_account,2019-03-20 02:50:50,
go.rudyc.create_account,2019-03-20 02:51:00,
go.rudyc.create_account,2019-03-20 02:51:10,
go.rudyc.create_account,2019-03-20 02:51:20,
go.rudyc.create_account,2019-03-20 02:51:30,
go.rudyc.create_account,2019-03-20 02:51:40,
go.rudyc.create_account,2019-03-20 02:51:50,
go.rudyc.create_account,2019-03-20 02:52:00,
go.rudyc.create_account,2019-03-20 02:52:10,
go.rudyc.create_account,2019-03-20 02:52:20,
go.rudyc.create_account,2019-03-20 02:52:30,
go.rudyc.create_account,2019-03-20 02:52:40,
go.rudyc.create_account,2019-03-20 02:52:50,
go.rudyc.create_account,2019-03-20 02:53:00,
go.rudyc.create_account,2019-03-20 02:53:10,
go.rudyc.create_account,2019-03-20 02:53:20,
go.rudyc.create_account,2019-03-20 02:53:30,
go.rudyc.create_account,2019-03-20 02:53:40,
go.rudyc.create_account,2019-03-20 02:53:50,
go.rudyc.create_account,2019-03-20 02:54:00,
go.rudyc.create_account,2019-03-20 02:54:10,
go.rudyc.create_account,2019-03-20 02:54:20,
go.rudyc.create_account,2019-03-20 02:54:30,
go.rudyc.create_account,2019-03-20 02:54:40,
go.rudyc.create_account,2019-03-20 02:54:50,
go.rudyc.create_account,2019-03-20 02:55:00,
go.rudyc.create_account,2019-03-20 02:55:10,
go.rudyc.create_account,2019-03-20 02:55:20,
go.rudyc.create_account,2019-03-20 02:55:30,
go.rudyc.create_account,2019-03-20 02:55:40,
go.rudyc.create_account,2019-03-20 02:55:50,
go.rudyc.create_account,2019-03-20 02:56:00,
go.rudyc.create_account,2019-03-20 02:56:10,
go.rudyc.create_account,2019-03-20 02:56:20,
go.rudyc.create_account,2019-03-20 02:56:30,
go.rudyc.create_account,2019-03-20 02:56:40,
go.rudyc.create_account,2019-03-20 02:56:50,
go.rudyc.create_account,2019-03-20 02:57:00,
go.rudyc.create_account,2019-03-20 02:57:10,
go.rudyc.create_account,2019-03-20 02:57:20,
go.rudyc.create_account,2019-03-20 02:57:30,
go.rudyc.create_account,2019-03-20 02:57:40,
go.rudyc.create_account,2019-03-20 02:57:50,
go.rudyc.create_account,2019-03-20 02:58:00,
go.rudyc.create_account,2019-03-20 02:58:10,
go.rudyc.create_account,2019-03-20 02:58:20,
go.rudyc.create_account,2019-03-20 02:58:30,
go.rudyc.create_account,2019-03-20 02:58:40,
go.rudyc.create_account,2019-03-20 02:58:50,
go.rudyc.create_account,2019-03-20 02:59:00,
go.rudyc.create_account,2019-03-20 02:59:10,
go.rudyc.create_account,2019-03-20 02:59:20,
go.rudyc.create_account,2019-03-20 02:59:30,
go.rudyc.create_account,2019-03-20 02:59:40,
go.rudyc.create_account,2019-03-20 02:59:50,
go.rudyc.create_account,2019-03-20 03:00:00,
go.rudyc.create_account,2019-03-20 03:00:10,
go.rudyc.create_character,2019-03-20 02:25:20,
go.rudyc.create_character,2019-03-20 02:25:30,
go.rudyc.create_character,2019-03-20 02:25:40,
go.rudyc.create_character,2019-03-20 02:25:50,
go.rudyc.create_character,2019-03-20 02:26:00,0.034993288
go.rudyc.create_character,2019-03-20 02:26:10,0.023337196
go.rudyc.create_character,2019-03-20 02:26:20,
go.rudyc.create_character,2019-03-20 02:26:30,
go.rudyc.create_character,2019-03-20 02:26:40,
go.rudyc.create_character,2019-03-20 02:26:50,
go.rudyc.create_character,2019-03-20 02:27:00,
go.rudyc.create_character,2019-03-20 02:27:10,
go.rudyc.create_character,2019-03-20 02:27:20,
go.rudyc.create_character,2019-03-20 02:27:30,
go.rudyc.create_character,2019-03-20 02:27:40,
go.rudyc.create_character,2019-03-20 02:27:50,
go.rudyc.create_character,2019-03-20 02:28:00,
go.rudyc.create_character,2019-03-20 02:28:10,
go.rudyc.create_character,2019-03-20 02:28:20,
go.rudyc.create_character,2019-03-20 02:28:30,
go.rudyc.create_character,2019-03-20 02:28:40,
go.rudyc.create_character,2019-03-20 02:28:50,
go.rudyc.create_character,2019-03-20 02:29:00,
go.rudyc.create_character,2019-03-20 02:29:10,
go.rudyc.create_character,2019-03-20 02:29:20,
go.rudyc.create_character,2019-03-20 02:29:30,
go.rudyc.create_character,2019-03-20 02:29:40,
go.rudyc.create_character,2019-03-20 02:29:50,
go.rudyc.create_character,2019-03-20 02:30:00,
go.rudyc.create_character,2019-03-20 02:30:10,
go.rudyc.create_character,2019-03-20 02:30:20,
go.rudyc.create_character,2019-03-20 02:30:30,
go.rudyc.create_character,2019-03-20 02:30:40,
go.rudyc.create_character,2019-03-20 02:30:50,
go.rudyc.create_character,2019-03-20 02:31:00,
go.rudyc.create_character,2019-03-20 02:31:10,
go.rudyc.create_character,2019-03-20 02:31:20,
go.rudyc.create_character,2019-03-20 02:31:30,
go.rudyc.create_character,2019-03-20 02:31:40,
go.rudyc.create_character,2019-03-20 02:31:50,
go.rudyc.create_character,2019-03-20 02:32:00,
go.rudyc.create_character,2019-03-20 02:32:10,
go.rudyc.create_character,2019-03-20 02:32:20,
go.rudyc.create_character,2019-03-20 02:32:30,
go.rudyc.create_character,2019-03-20 02:32:40,
go.rudyc.create_character,2019-03-20 02:32:50,
go.rudyc.create_character,2019-03-20 02:33:00,
go.rudyc.create_character,2019-03-20 02:33:10,
go.rudyc.create_character,2019-03-20 02:33:20,
go.rudyc.create_character,2019-03-20 02:33:30,
go.rudyc.create_character,2019-03-20 02:33:40,
go.rudyc.create_character,2019-03-20 02:33:50,
go.rudyc.create_character,2019-03-20 02:34:00,
go.rudyc.create_character,2019-03-20 02:34:10,
go.rudyc.create_character,2019-03-20 02:34:20,
go.rudyc.create_character,2019-03-20 02:34:30,
go.rudyc.create_character,2019-03-20 02:34:40,
go.rudyc.create_character,2019-03-20 02:34:50,
go.rudyc.create_character,2019-03-20 02:35:00,
go.rudyc.create_character,2019-03-20 02:35:10,
go.rudyc.create_character,2019-03-20 02:35:20,
go.rudyc.create_character,2019-03-20 02:35:30,
go.rudyc.create_character,2019-03-20 02:35:40,
go.rudyc.create_character,2019-03-20 02:35:50,
go.rudyc.create_character,2019-03-20 02:36:00,
go.rudyc.create_character,2019-03-20 02:36:10,
go.rudyc.create_character,2019-03-20 02:36:20,
go.rudyc.create_character,2019-03-20 02:36:30,
go.rudyc.create_character,2019-03-20 02:36:40,
go.rudyc.create_character,2019-03-20 02:36:50,
go.rudyc.create_character,2019-03-20 02:37:00,
go.rudyc.create_character,2019-03-20 02:37:10,
go.rudyc.create_character,2019-03-20 02:37:20,
go.rudyc.create_character,2019-03-20 02:37:30,
go.rudyc.create_character,2019-03-20 02:37:40,
go.rudyc.create_character,2019-03-20 02:37:50,0.015605375
go.rudyc.create_character,2019-03-20 02:38:00,
go.rudyc.create_character,2019-03-20 02:38:10,
go.rudyc.create_character,2019-03-20 02:38:20,
go.rudyc.create_character,2019-03-20 02:38:30,
go.rudyc.create_character,2019-03-20 02:38:40,
go.rudyc.create_character,2019-03-20 02:38:50,
go.rudyc.create_character,2019-03-20 02:39:00,0.058817159
go.rudyc.create_character,2019-03-20 02:39:10,
go.rudyc.create_character,2019-03-20 02:39:20,
go.rudyc.create_character,2019-03-20 02:39:30,
go.rudyc.create_character,2019-03-20 02:39:40,
go.rudyc.create_character,2019-03-20 02:39:50,
go.rudyc.create_character,2019-03-20 02:40:00,
go.rudyc.create_character,2019-03-20 02:40:10,0.020812461
go.rudyc.create_character,2019-03-20 02:40:20,
go.rudyc.create_character,2019-03-20 02:40:30,
go.rudyc.create_character,2019-03-20 02:40:40,
go.rudyc.create_character,2019-03-20 02:40:50,
go.rudyc.create_character,2019-03-20 02:41:00,
go.rudyc.create_character,2019-03-20 02:41:10,
go.rudyc.create_character,2019-03-20 02:41:20,0.025305113
go.rudyc.create_character,2019-03-20 02:41:30,
go.rudyc.create_character,2019-03-20 02:41:40,
go.rudyc.create_character,2019-03-20 02:41:50,
go.rudyc.create_character,2019-03-20 02:42:00,
go.rudyc.create_character,2019-03-20 02:42:10,
go.rudyc.create_character,2019-03-20 02:42:20,
go.rudyc.create_character,2019-03-20 02:42:30,0.025188962
go.rudyc.create_character,2019-03-20 02:42:40,
go.rudyc.create_character,2019-03-20 02:42:50,
go.rudyc.create_character,2019-03-20 02:43:00,
go.rudyc.create_character,2019-03-20 02:43:10,
go.rudyc.create_character,2019-03-20 02:43:20,
go.rudyc.create_character,2019-03-20 02:43:30,
go.rudyc.create_character,2019-03-20 02:43:40,0.033770769
go.rudyc.create_character,2019-03-20 02:43:50,
go.rudyc.create_character,2019-03-20 02:44:00,
go.rudyc.create_character,2019-03-20 02:44:10,
go.rudyc.create_character,2019-03-20 02:44:20,
go.rudyc.create_character,2019-03-20 02:44:30,
go.rudyc.create_character,2019-03-20 02:44:40,0.017245698
go.rudyc.create_character,2019-03-20 02:44:50,
go.rudyc.create_character,2019-03-20 02:45:00,
go.rudyc.create_character,2019-03-20 02:45:10,
go.rudyc.create_character,2019-03-20 02:45:20,
go.rudyc.create_character,2019-03-20 02:45:30,
go.rudyc.create_character,2019-03-20 02:45:40,
go.rudyc.create_character,2019-03-20 02:45:50,0.024691189
go.rudyc.create_character,2019-03-20 02:46:00,
go.rudyc.create_character,2019-03-20 02:46:10,
go.rudyc.create_character,2019-03-20 02:46:20,
go.rudyc.create_character,2019-03-20 02:46:30,
go.rudyc.create_character,2019-03-20 02:46:40,
go.rudyc.create_character,2019-03-20 02:46:50,
go.rudyc.create_character,2019-03-20 02:47:00,0.043546827
go.rudyc.create_character,2019-03-20 02:47:10,
go.rudyc.create_character,2019-03-20 02:47:20,
go.rudyc.create_character,2019-03-20 02:47:30,
go.rudyc.create_character,2019-03-20 02:47:40,
go.rudyc.create_character,2019-03-20 02:47:50,
go.rudyc.create_character,2019-03-20 02:48:00,
go.rudyc.create_character,2019-03-20 02:48:10,
go.rudyc.create_character,2019-03-20 02:48:20,
go.rudyc.create_character,2019-03-20 02:48:30,
go.rudyc.create_character,2019-03-20 02:48:40,
go.rudyc.create_character,2019-03-20 02:48:50,
go.rudyc.create_character,2019-03-20 02:49:00,
go.rudyc.create_character,2019-03-20 02:49:10,
go.rudyc.create_character,2019-03-20 02:49:20,
go.rudyc.create_character,2019-03-20 02:49:30,
go.rudyc.create_character,2019-03-20 02:49:40,
go.rudyc.create_character,2019-03-20 02:49:50,
go.rudyc.create_character,2019-03-20 02:50:00,
go.rudyc.create_character,2019-03-20 02:50:10,
go.rudyc.create_character,2019-03-20 02:50:20,
go.rudyc.create_character,2019-03-20 02:50:30,
go.rudyc.create_character,2019-03-20 02:50:40,
go.rudyc.create_character,2019-03-20 02:50:50,
go.rudyc.create_character,2019-03-20 02:51:00,
go.rudyc.create_character,2019-03-20 02:51:10,
go.rudyc.create_character,2019-03-20 02:51:20,
go.rudyc.create_character,2019-03-20 02:51:30,
go.rudyc.create_character,2019-03-20 02:51:40,
go.rudyc.create_character,2019-03-20 02:51:50,
go.rudyc.create_character,2019-03-20 02:52:00,
go.rudyc.create_character,2019-03-20 02:52:10,
go.rudyc.create_character,2019-03-20 02:52:20,
go.rudyc.create_character,2019-03-20 02:52:30,
go.rudyc.create_character,2019-03-20 02:52:40,
go.rudyc.create_character,2019-03-20 02:52:50,
go.rudyc.create_character,2019-03-20 02:53:00,
go.rudyc.create_character,2019-03-20 02:53:10,
go.rudyc.create_character,2019-03-20 02:53:20,
go.rudyc.create_character,2019-03-20 02:53:30,
go.rudyc.create_character,2019-03-20 02:53:40,
go.rudyc.create_character,2019-03-20 02:53:50,
go.rudyc.create_character,2019-03-20 02:54:00,
go.rudyc.create_character,2019-03-20 02:54:10,
go.rudyc.create_character,2019-03-20 02:54:20,
go.rudyc.create_character,2019-03-20 02:54:30,
go.rudyc.create_character,2019-03-20 02:54:40,
go.rudyc.create_character,2019-03-20 02:54:50,
go.rudyc.create_character,2019-03-20 02:55:00,
go.rudyc.create_character,2019-03-20 02:55:10,
go.rudyc.create_character,2019-03-20 02:55:20,
go.rudyc.create_character,2019-03-20 02:55:30,
go.rudyc.create_character,2019-03-20 02:55:40,
go.rudyc.create_character,2019-03-20 02:55:50,
go.rudyc.create_character,2019-03-20 02:56:00,
go.rudyc.create_character,2019-03-20 02:56:10,
go.rudyc.create_character,2019-03-20 02:56:20,
go.rudyc.create_character,2019-03-20 02:56:30,
go.rudyc.create_character,2019-03-20 02:56:40,
go.rudyc.create_character,2019-03-20 02:56:50,
go.rudyc.create_character,2019-03-20 02:57:00,
go.rudyc.create_character,2019-03-20 02:57:10,
go.rudyc.create_character,2019-03-20 02:57:20,
go.rudyc.create_character,2019-03-20 02:57:30,
go.rudyc.create_character,2019-03-20 02:57:40,
go.rudyc.create_character,2019-03-20 02:57:50,
go.rudyc.create_character,2019-03-20 02:58:00,
go.rudyc.create_character,2019-03-20 02:58:10,
go.rudyc.create_character,2019-03-20 02:58:20,
go.rudyc.create_character,2019-03-20 02:58:30,
go.rudyc.create_character,2019-03-20 02:58:40,
go.rudyc.create_character,2019-03-20 02:58:50,
go.rudyc.create_character,2019-03-20 02:59:00,
go.rudyc.create_character,2019-03-20 02:59:10,
go.rudyc.create_character,2019-03-20 02:59:20,
go.rudyc.create_character,2019-03-20 02:59:30,
go.rudyc.create_character,2019-03-20 02:59:40,
go.rudyc.create_character,2019-03-20 02:59:50,
go.rudyc.create_character,2019-03-20 03:00:00,
go.rudyc.create_character,2019-03-20 03:00:10,
go.rudyc.move_character,2019-03-20 02:25:20,0.001956743
go.rudyc.move_character,2019-03-20 02:25:30,0.001488856
go.rudyc.move_character,2019-03-20 02:25:40,0.001442449
go.rudyc.move_character,2019-03-20 02:25:50,0.000846313
go.rudyc.move_character,2019-03-20 02:26:00,0.000901526
go.rudyc.move_character,2019-03-20 02:26:10,0.001098732
go.rudyc.move_character,2019-03-20 02:26:20,0.001139595
go.rudyc.move_character,2019-03-20 02:26:30,0.001009537
go.rudyc.move_character,2019-03-20 02:26:40,0.001060689
go.rudyc.move_character,2019-03-20 02:26:50,0.003195027
go.rudyc.move_character,2019-03-20 02:27:00,
go.rudyc.move_character,2019-03-20 02:27:10,
go.rudyc.move_character,2019-03-20 02:27:20,
go.rudyc.move_character,2019-03-20 02:27:30,
go.rudyc.move_character,2019-03-20 02:27:40,
go.rudyc.move_character,2019-03-20 02:27:50,
go.rudyc.move_character,2019-03-20 02:28:00,
go.rudyc.move_character,2019-03-20 02:28:10,
go.rudyc.move_character,2019-03-20 02:28:20,
go.rudyc.move_character,2019-03-20 02:28:30,
go.rudyc.move_character,2019-03-20 02:28:40,
go.rudyc.move_character,2019-03-20 02:28:50,
go.rudyc.move_character,2019-03-20 02:29:00,
go.rudyc.move_character,2019-03-20 02:29:10,
go.rudyc.move_character,2019-03-20 02:29:20,
go.rudyc.move_character,2019-03-20 02:29:30,
go.rudyc.move_character,2019-03-20 02:29:40,
go.rudyc.move_character,2019-03-20 02:29:50,
go.rudyc.move_character,2019-03-20 02:30:00,
go.rudyc.move_character,2019-03-20 02:30:10,
go.rudyc.move_character,2019-03-20 02:30:20,
go.rudyc.move_character,2019-03-20 02:30:30,
go.rudyc.move_character,2019-03-20 02:30:40,
go.rudyc.move_character,2019-03-20 02:30:50,
go.rudyc.move_character,2019-03-20 02:31:00,
go.rudyc.move_character,2019-03-20 02:31:10,
go.rudyc.move_character,2019-03-20 02:31:20,
go.rudyc.move_character,2019-03-20 02:31:30,
go.rudyc.move_character,2019-03-20 02:31:40,
go.rudyc.move_character,2019-03-20 02:31:50,
go.rudyc.move_character,2019-03-20 02:32:00,
go.rudyc.move_character,2019-03-20 02:32:10,
go.rudyc.move_character,2019-03-20 02:32:20,
go.rudyc.move_character,2019-03-20 02:32:30,
go.rudyc.move_character,2019-03-20 02:32:40,
go.rudyc.move_character,2019-03-20 02:32:50,
go.rudyc.move_character,2019-03-20 02:33:00,
go.rudyc.move_character,2019-03-20 02:33:10,
go.rudyc.move_character,2019-03-20 02:33:20,
go.rudyc.move_character,2019-03-20 02:33:30,
go.rudyc.move_character,2019-03-20 02:33:40,
go.rudyc.move_character,2019-03-20 02:33:50,
go.rudyc.move_character,2019-03-20 02:34:00,
go.rudyc.move_character,2019-03-20 02:34:10,
go.rudyc.move_character,2019-03-20 02:34:20,
go.rudyc.move_character,2019-03-20 02:34:30,
go.rudyc.move_character,2019-03-20 02:34:40,
go.rudyc.move_character,2019-03-20 02:34:50,
go.rudyc.move_character,2019-03-20 02:35:00,
go.rudyc.move_character,2019-03-20 02:35:10,
go.rudyc.move_character,2019-03-20 02:35:20,
go.rudyc.move_character,2019-03-20 02:35:30,
go.rudyc.move_character,2019-03-20 02:35:40,
go.rudyc.move_character,2019-03-20 02:35:50,
go.rudyc.move_character,2019-03-20 02:36:00,
go.rudyc.move_character,2019-03-20 02:36:10,
go.rudyc.move_character,2019-03-20 02:36:20,
go.rudyc.move_character,2019-03-20 02:36:30,
go.rudyc.move_character,2019-03-20 02:36:40,
go.rudyc.move_character,2019-03-20 02:36:50,
go.rudyc.move_character,2019-03-20 02:37:00,
go.rudyc.move_character,2019-03-20 02:37:10,
go.rudyc.move_character,2019-03-20 02:37:20,
go.rudyc.move_character,2019-03-20 02:37:30,
go.rudyc.move_character,2019-03-20 02:37:40,
go.rudyc.move_character,2019-03-20 02:37:50,0.001114335
go.rudyc.move_character,2019-03-20 02:38:00,0.000965121
go.rudyc.move_character,2019-03-20 02:38:10,0.001153396
go.rudyc.move_character,2019-03-20 02:38:20,0.001196086
go.rudyc.move_character,2019-03-20 02:38:30,0.001144896
go.rudyc.move_character,2019-03-20 02:38:40,0.00173378
go.rudyc.move_character,2019-03-20 02:38:50,0.001216404
go.rudyc.move_character,2019-03-20 02:39:00,0.001235551
go.rudyc.move_character,2019-03-20 02:39:10,0.000940499
go.rudyc.move_character,2019-03-20 02:39:20,0.001010265
go.rudyc.move_character,2019-03-20 02:39:30,0.001244764
go.rudyc.move_character,2019-03-20 02:39:40,0.001098501
go.rudyc.move_character,2019-03-20 02:39:50,0.000939457
go.rudyc.move_character,2019-03-20 02:40:00,0.001051749
go.rudyc.move_character,2019-03-20 02:40:10,0.001985156
go.rudyc.move_character,2019-03-20 02:40:20,0.001181502
go.rudyc.move_character,2019-03-20 02:40:30,0.00114431
go.rudyc.move_character,2019-03-20 02:40:40,0.001119769
go.rudyc.move_character,2019-03-20 02:40:50,0.017596049
go.rudyc.move_character,2019-03-20 02:41:00,0.001303256
go.rudyc.move_character,2019-03-20 02:41:10,0.001123146
go.rudyc.move_character,2019-03-20 02:41:20,0.00125762
go.rudyc.move_character,2019-03-20 02:41:30,0.001806857
go.rudyc.move_character,2019-03-20 02:41:40,0.001494853
go.rudyc.move_character,2019-03-20 02:41:50,0.00201465
go.rudyc.move_character,2019-03-20 02:42:00,0.001201583
go.rudyc.move_character,2019-03-20 02:42:10,0.000962168
go.rudyc.move_character,2019-03-20 02:42:20,0.000887058
go.rudyc.move_character,2019-03-20 02:42:30,0.001207134
go.rudyc.move_character,2019-03-20 02:42:40,0.001323146
go.rudyc.move_character,2019-03-20 02:42:50,0.002006363
go.rudyc.move_character,2019-03-20 02:43:00,0.003608851
go.rudyc.move_character,2019-03-20 02:43:10,0.001232473
go.rudyc.move_character,2019-03-20 02:43:20,0.001038382
go.rudyc.move_character,2019-03-20 02:43:30,0.0014316
go.rudyc.move_character,2019-03-20 02:43:40,0.003035084
go.rudyc.move_character,2019-03-20 02:43:50,0.002871227
go.rudyc.move_character,2019-03-20 02:44:00,0.174294153
go.rudyc.move_character,2019-03-20 02:44:10,0.001157884
go.rudyc.move_character,2019-03-20 02:44:20,0.042719586
go.rudyc.move_character,2019-03-20 02:44:30,0.020447757
go.rudyc.move_character,2019-03-20 02:44:40,0.002804203
go.rudyc.move_character,2019-03-20 02:44:50,0.001338489
go.rudyc.move_character,2019-03-20 02:45:00,0.007693366
go.rudyc.move_character,2019-03-20 02:45:10,0.00602881
go.rudyc.move_character,2019-03-20 02:45:20,0.001829744
go.rudyc.move_character,2019-03-20 02:45:30,0.002573819
go.rudyc.move_character,2019-03-20 02:45:40,0.00517131
go.rudyc.move_character,2019-03-20 02:45:50,0.003077122
go.rudyc.move_character,2019-03-20 02:46:00,0.001559134
go.rudyc.move_character,2019-03-20 02:46:10,0.008372544
go.rudyc.move_character,2019-03-20 02:46:20,0.00138444
go.rudyc.move_character,2019-03-20 02:46:30,0.00128909
go.rudyc.move_character,2019-03-20 02:46:40,0.111420522
go.rudyc.move_character,2019-03-20 02:46:50,0.002327756
go.rudyc.move_character,2019-03-20 02:47:00,0.001728625
go.rudyc.move_character,2019-03-20 02:47:10,0.002667412
go.rudyc.move_character,2019-03-20 02:47:20,0.002412106
go.rudyc.move_character,2019-03-20 02:47:30,0.027009823
go.rudyc.move_character,2019-03-20 02:47:40,
go.rudyc.move_character,2019-03-20 02:47:50,
go.rudyc.move_character,2019-03-20 02:48:00,
go.rudyc.move_character,2019-03-20 02:48:10,
go.rudyc.move_character,2019-03-20 02:48:20,
go.rudyc.move_character,2019-03-20 02:48:30,
go.rudyc.move_character,2019-03-20 02:48:40,
go.rudyc.move_character,2019-03-20 02:48:50,
go.rudyc.move_character,2019-03-20 02:49:00,
go.rudyc.move_character,2019-03-20 02:49:10,
go.rudyc.move_character,2019-03-20 02:49:20,
go.rudyc.move_character,2019-03-20 02:49:30,
go.rudyc.move_character,2019-03-20 02:49:40,
go.rudyc.move_character,2019-03-20 02:49:50,
go.rudyc.move_character,2019-03-20 02:50:00,
go.rudyc.move_character,2019-03-20 02:50:10,
go.rudyc.move_character,2019-03-20 02:50:20,
go.rudyc.move_character,2019-03-20 02:50:30,
go.rudyc.move_character,2019-03-20 02:50:40,
go.rudyc.move_character,2019-03-20 02:50:50,
go.rudyc.move_character,2019-03-20 02:51:00,
go.rudyc.move_character,2019-03-20 02:51:10,
go.rudyc.move_character,2019-03-20 02:51:20,
go.rudyc.move_character,2019-03-20 02:51:30,
go.rudyc.move_character,2019-03-20 02:51:40,
go.rudyc.move_character,2019-03-20 02:51:50,
go.rudyc.move_character,2019-03-20 02:52:00,
go.rudyc.move_character,2019-03-20 02:52:10,
go.rudyc.move_character,2019-03-20 02:52:20,
go.rudyc.move_character,2019-03-20 02:52:30,
go.rudyc.move_character,2019-03-20 02:52:40,
go.rudyc.move_character,2019-03-20 02:52:50,
go.rudyc.move_character,2019-03-20 02:53:00,
go.rudyc.move_character,2019-03-20 02:53:10,
go.rudyc.move_character,2019-03-20 02:53:20,
go.rudyc.move_character,2019-03-20 02:53:30,
go.rudyc.move_character,2019-03-20 02:53:40,
go.rudyc.move_character,2019-03-20 02:53:50,
go.rudyc.move_character,2019-03-20 02:54:00,
go.rudyc.move_character,2019-03-20 02:54:10,
go.rudyc.move_character,2019-03-20 02:54:20,
go.rudyc.move_character,2019-03-20 02:54:30,
go.rudyc.move_character,2019-03-20 02:54:40,
go.rudyc.move_character,2019-03-20 02:54:50,
go.rudyc.move_character,2019-03-20 02:55:00,
go.rudyc.move_character,2019-03-20 02:55:10,
go.rudyc.move_character,2019-03-20 02:55:20,
go.rudyc.move_character,2019-03-20 02:55:30,
go.rudyc.move_character,2019-03-20 02:55:40,
go.rudyc.move_character,2019-03-20 02:55:50,
go.rudyc.move_character,2019-03-20 02:56:00,
go.rudyc.move_character,2019-03-20 02:56:10,
go.rudyc.move_character,2019-03-20 02:56:20,
go.rudyc.move_character,2019-03-20 02:56:30,
go.rudyc.move_character,2019-03-20 02:56:40,
go.rudyc.move_character,2019-03-20 02:56:50,
go.rudyc.move_character,2019-03-20 02:57:00,
go.rudyc.move_character,2019-03-20 02:57:10,
go.rudyc.move_character,2019-03-20 02:57:20,
go.rudyc.move_character,2019-03-20 02:57:30,
go.rudyc.move_character,2019-03-20 02:57:40,
go.rudyc.move_character,2019-03-20 02:57:50,
go.rudyc.move_character,2019-03-20 02:58:00,
go.rudyc.move_character,2019-03-20 02:58:10,
go.rudyc.move_character,2019-03-20 02:58:20,
go.rudyc.move_character,2019-03-20 02:58:30,
go.rudyc.move_character,2019-03-20 02:58:40,
go.rudyc.move_character,2019-03-20 02:58:50,
go.rudyc.move_character,2019-03-20 02:59:00,
go.rudyc.move_character,2019-03-20 02:59:10,
go.rudyc.move_character,2019-03-20 02:59:20,
go.rudyc.move_character,2019-03-20 02:59:30,
go.rudyc.move_character,2019-03-20 02:59:40,
go.rudyc.move_character,2019-03-20 02:59:50,
go.rudyc.move_character,2019-03-20 03:00:00,
go.rudyc.move_character,2019-03-20 03:00:10,
go.rudyc.receive_chats,2019-03-20 02:25:20,0.001095844
go.rudyc.receive_chats,2019-03-20 02:25:30,0.001449355
go.rudyc.receive_chats,2019-03-20 02:25:40,0.000937422
go.rudyc.receive_chats,2019-03-20 02:25:50,0.00084638
go.rudyc.receive_chats,2019-03-20 02:26:00,0.001070579
go.rudyc.receive_chats,2019-03-20 02:26:10,0.000984036
go.rudyc.receive_chats,2019-03-20 02:26:20,0.001166491
go.rudyc.receive_chats,2019-03-20 02:26:30,0.001077308
go.rudyc.receive_chats,2019-03-20 02:26:40,0.001468809
go.rudyc.receive_chats,2019-03-20 02:26:50,0.000867838
go.rudyc.receive_chats,2019-03-20 02:27:00,
go.rudyc.receive_chats,2019-03-20 02:27:10,
go.rudyc.receive_chats,2019-03-20 02:27:20,
go.rudyc.receive_chats,2019-03-20 02:27:30,
go.rudyc.receive_chats,2019-03-20 02:27:40,
go.rudyc.receive_chats,2019-03-20 02:27:50,
go.rudyc.receive_chats,2019-03-20 02:28:00,
go.rudyc.receive_chats,2019-03-20 02:28:10,
go.rudyc.receive_chats,2019-03-20 02:28:20,
go.rudyc.receive_chats,2019-03-20 02:28:30,
go.rudyc.receive_chats,2019-03-20 02:28:40,
go.rudyc.receive_chats,2019-03-20 02:28:50,
go.rudyc.receive_chats,2019-03-20 02:29:00,
go.rudyc.receive_chats,2019-03-20 02:29:10,
go.rudyc.receive_chats,2019-03-20 02:29:20,
go.rudyc.receive_chats,2019-03-20 02:29:30,
go.rudyc.receive_chats,2019-03-20 02:29:40,
go.rudyc.receive_chats,2019-03-20 02:29:50,
go.rudyc.receive_chats,2019-03-20 02:30:00,
go.rudyc.receive_chats,2019-03-20 02:30:10,
go.rudyc.receive_chats,2019-03-20 02:30:20,
go.rudyc.receive_chats,2019-03-20 02:30:30,
go.rudyc.receive_chats,2019-03-20 02:30:40,
go.rudyc.receive_chats,2019-03-20 02:30:50,
go.rudyc.receive_chats,2019-03-20 02:31:00,
go.rudyc.receive_chats,2019-03-20 02:31:10,
go.rudyc.receive_chats,2019-03-20 02:31:20,
go.rudyc.receive_chats,2019-03-20 02:31:30,
go.rudyc.receive_chats,2019-03-20 02:31:40,
go.rudyc.receive_chats,2019-03-20 02:31:50,
go.rudyc.receive_chats,2019-03-20 02:32:00,
go.rudyc.receive_chats,2019-03-20 02:32:10,
go.rudyc.receive_chats,2019-03-20 02:32:20,
go.rudyc.receive_chats,2019-03-20 02:32:30,
go.rudyc.receive_chats,2019-03-20 02:32:40,
go.rudyc.receive_chats,2019-03-20 02:32:50,
go.rudyc.receive_chats,2019-03-20 02:33:00,
go.rudyc.receive_chats,2019-03-20 02:33:10,
go.rudyc.receive_chats,2019-03-20 02:33:20,
go.rudyc.receive_chats,2019-03-20 02:33:30,
go.rudyc.receive_chats,2019-03-20 02:33:40,
go.rudyc.receive_chats,2019-03-20 02:33:50,
go.rudyc.receive_chats,2019-03-20 02:34:00,
go.rudyc.receive_chats,2019-03-20 02:34:10,
go.rudyc.receive_chats,2019-03-20 02:34:20,
go.rudyc.receive_chats,2019-03-20 02:34:30,
go.rudyc.receive_chats,2019-03-20 02:34:40,
go.rudyc.receive_chats,2019-03-20 02:34:50,
go.rudyc.receive_chats,2019-03-20 02:35:00,
go.rudyc.receive_chats,2019-03-20 02:35:10,
go.rudyc.receive_chats,2019-03-20 02:35:20,
go.rudyc.receive_chats,2019-03-20 02:35:30,
go.rudyc.receive_chats,2019-03-20 02:35:40,
go.rudyc.receive_chats,2019-03-20 02:35:50,
go.rudyc.receive_chats,2019-03-20 02:36:00,
go.rudyc.receive_chats,2019-03-20 02:36:10,
go.rudyc.receive_chats,2019-03-20 02:36:20,
go.rudyc.receive_chats,2019-03-20 02:36:30,
go.rudyc.receive_chats,2019-03-20 02:36:40,
go.rudyc.receive_chats,2019-03-20 02:36:50,
go.rudyc.receive_chats,2019-03-20 02:37:00,
go.rudyc.receive_chats,2019-03-20 02:37:10,
go.rudyc.receive_chats,2019-03-20 02:37:20,
go.rudyc.receive_chats,2019-03-20 02:37:30,
go.rudyc.receive_chats,2019-03-20 02:37:40,
go.rudyc.receive_chats,2019-03-20 02:37:50,0.001107485
go.rudyc.receive_chats,2019-03-20 02:38:00,0.001085038
go.rudyc.receive_chats,2019-03-20 02:38:10,0.00117286
go.rudyc.receive_chats,2019-03-20 02:38:20,0.001075506
go.rudyc.receive_chats,2019-03-20 02:38:30,0.001231873
go.rudyc.receive_chats,2019-03-20 02:38:40,0.001080251
go.rudyc.receive_chats,2019-03-20 02:38:50,0.001014529
go.rudyc.receive_chats,2019-03-20 02:39:00,0.001003456
go.rudyc.receive_chats,2019-03-20 02:39:10,0.002039778
go.rudyc.receive_chats,2019-03-20 02:39:20,0.000951285
go.rudyc.receive_chats,2019-03-20 02:39:30,0.001225611
go.rudyc.receive_chats,2019-03-20 02:39:40,0.000999713
go.rudyc.receive_chats,2019-03-20 02:39:50,0.000871073
go.rudyc.receive_chats,2019-03-20 02:40:00,0.001606243
go.rudyc.receive_chats,2019-03-20 02:40:10,0.001150883
go.rudyc.receive_chats,2019-03-20 02:40:20,0.00104468
go.rudyc.receive_chats,2019-03-20 02:40:30,0.001181093
go.rudyc.receive_chats,2019-03-20 02:40:40,0.001123484
go.rudyc.receive_chats,2019-03-20 02:40:50,0.001580811
go.rudyc.receive_chats,2019-03-20 02:41:00,0.001122282
go.rudyc.receive_chats,2019-03-20 02:41:10,0.001173847
go.rudyc.receive_chats,2019-03-20 02:41:20,0.001439768
go.rudyc.receive_chats,2019-03-20 02:41:30,0.001220805
go.rudyc.receive_chats,2019-03-20 02:41:40,0.00139768
go.rudyc.receive_chats,2019-03-20 02:41:50,0.001246152
go.rudyc.receive_chats,2019-03-20 02:42:00,0.00106394
go.rudyc.receive_chats,2019-03-20 02:42:10,0.001051624
go.rudyc.receive_chats,2019-03-20 02:42:20,0.000960715
go.rudyc.receive_chats,2019-03-20 02:42:30,0.001219916
go.rudyc.receive_chats,2019-03-20 02:42:40,0.001316749
go.rudyc.receive_chats,2019-03-20 02:42:50,0.001210142
go.rudyc.receive_chats,2019-03-20 02:43:00,0.069187167
go.rudyc.receive_chats,2019-03-20 02:43:10,0.001059759
go.rudyc.receive_chats,2019-03-20 02:43:20,0.000958326
go.rudyc.receive_chats,2019-03-20 02:43:30,0.129821428
go.rudyc.receive_chats,2019-03-20 02:43:40,0.001259931
go.rudyc.receive_chats,2019-03-20 02:43:50,0.147418375
go.rudyc.receive_chats,2019-03-20 02:44:00,0.139362825
go.rudyc.receive_chats,2019-03-20 02:44:10,0.00095584
go.rudyc.receive_chats,2019-03-20 02:44:20,0.001783104
go.rudyc.receive_chats,2019-03-20 02:44:30,0.058226199
go.rudyc.receive_chats,2019-03-20 02:44:40,0.001234075
go.rudyc.receive_chats,2019-03-20 02:44:50,0.000983087
go.rudyc.receive_chats,2019-03-20 02:45:00,0.007801117
go.rudyc.receive_chats,2019-03-20 02:45:10,0.027916947
go.rudyc.receive_chats,2019-03-20 02:45:20,0.001135864
go.rudyc.receive_chats,2019-03-20 02:45:30,0.001333584
go.rudyc.receive_chats,2019-03-20 02:45:40,0.004232886
go.rudyc.receive_chats,2019-03-20 02:45:50,0.001208646
go.rudyc.receive_chats,2019-03-20 02:46:00,0.004646324
go.rudyc.receive_chats,2019-03-20 02:46:10,0.005571303
go.rudyc.receive_chats,2019-03-20 02:46:20,0.001372203
go.rudyc.receive_chats,2019-03-20 02:46:30,0.005043719
go.rudyc.receive_chats,2019-03-20 02:46:40,0.135918457
go.rudyc.receive_chats,2019-03-20 02:46:50,0.001391934
go.rudyc.receive_chats,2019-03-20 02:47:00,0.001000662
go.rudyc.receive_chats,2019-03-20 02:47:10,0.001169299
go.rudyc.receive_chats,2019-03-20 02:47:20,0.001243731
go.rudyc.receive_chats,2019-03-20 02:47:30,0.017315241
go.rudyc.receive_chats,2019-03-20 02:47:40,
go.rudyc.receive_chats,2019-03-20 02:47:50,
go.rudyc.receive_chats,2019-03-20 02:48:00,
go.rudyc.receive_chats,2019-03-20 02:48:10,
go.rudyc.receive_chats,2019-03-20 02:48:20,
go.rudyc.receive_chats,2019-03-20 02:48:30,
go.rudyc.receive_chats,2019-03-20 02:48:40,
go.rudyc.receive_chats,2019-03-20 02:48:50,
go.rudyc.receive_chats,2019-03-20 02:49:00,
go.rudyc.receive_chats,2019-03-20 02:49:10,
go.rudyc.receive_chats,2019-03-20 02:49:20,
go.rudyc.receive_chats,2019-03-20 02:49:30,
go.rudyc.receive_chats,2019-03-20 02:49:40,
go.rudyc.receive_chats,2019-03-20 02:49:50,
go.rudyc.receive_chats,2019-03-20 02:50:00,
go.rudyc.receive_chats,2019-03-20 02:50:10,
go.rudyc.receive_chats,2019-03-20 02:50:20,
go.rudyc.receive_chats,2019-03-20 02:50:30,
go.rudyc.receive_chats,2019-03-20 02:50:40,
go.rudyc.receive_chats,2019-03-20 02:50:50,
go.rudyc.receive_chats,2019-03-20 02:51:00,
go.rudyc.receive_chats,2019-03-20 02:51:10,
go.rudyc.receive_chats,2019-03-20 02:51:20,
go.rudyc.receive_chats,2019-03-20 02:51:30,
go.rudyc.receive_chats,2019-03-20 02:51:40,
go.rudyc.receive_chats,2019-03-20 02:51:50,
go.rudyc.receive_chats,2019-03-20 02:52:00,
go.rudyc.receive_chats,2019-03-20 02:52:10,
go.rudyc.receive_chats,2019-03-20 02:52:20,
go.rudyc.receive_chats,2019-03-20 02:52:30,
go.rudyc.receive_chats,2019-03-20 02:52:40,
go.rudyc.receive_chats,2019-03-20 02:52:50,
go.rudyc.receive_chats,2019-03-20 02:53:00,
go.rudyc.receive_chats,2019-03-20 02:53:10,
go.rudyc.receive_chats,2019-03-20 02:53:20,
go.rudyc.receive_chats,2019-03-20 02:53:30,
go.rudyc.receive_chats,2019-03-20 02:53:40,
go.rudyc.receive_chats,2019-03-20 02:53:50,
go.rudyc.receive_chats,2019-03-20 02:54:00,
go.rudyc.receive_chats,2019-03-20 02:54:10,
go.rudyc.receive_chats,2019-03-20 02:54:20,
go.rudyc.receive_chats,2019-03-20 02:54:30,
go.rudyc.receive_chats,2019-03-20 02:54:40,
go.rudyc.receive_chats,2019-03-20 02:54:50,
go.rudyc.receive_chats,2019-03-20 02:55:00,
go.rudyc.receive_chats,2019-03-20 02:55:10,
go.rudyc.receive_chats,2019-03-20 02:55:20,
go.rudyc.receive_chats,2019-03-20 02:55:30,
go.rudyc.receive_chats,2019-03-20 02:55:40,
go.rudyc.receive_chats,2019-03-20 02:55:50,
go.rudyc.receive_chats,2019-03-20 02:56:00,
go.rudyc.receive_chats,2019-03-20 02:56:10,
go.rudyc.receive_chats,2019-03-20 02:56:20,
go.rudyc.receive_chats,2019-03-20 02:56:30,
go.rudyc.receive_chats,2019-03-20 02:56:40,
go.rudyc.receive_chats,2019-03-20 02:56:50,
go.rudyc.receive_chats,2019-03-20 02:57:00,
go.rudyc.receive_chats,2019-03-20 02:57:10,
go.rudyc.receive_chats,2019-03-20 02:57:20,
go.rudyc.receive_chats,2019-03-20 02:57:30,
go.rudyc.receive_chats,2019-03-20 02:57:40,
go.rudyc.receive_chats,2019-03-20 02:57:50,
go.rudyc.receive_chats,2019-03-20 02:58:00,
go.rudyc.receive_chats,2019-03-20 02:58:10,
go.rudyc.receive_chats,2019-03-20 02:58:20,
go.rudyc.receive_chats,2019-03-20 02:58:30,
go.rudyc.receive_chats,2019-03-20 02:58:40,
go.rudyc.receive_chats,2019-03-20 02:58:50,
go.rudyc.receive_chats,2019-03-20 02:59:00,
go.rudyc.receive_chats,2019-03-20 02:59:10,
go.rudyc.receive_chats,2019-03-20 02:59:20,
go.rudyc.receive_chats,2019-03-20 02:59:30,
go.rudyc.receive_chats,2019-03-20 02:59:40,
go.rudyc.receive_chats,2019-03-20 02:59:50,
go.rudyc.receive_chats,2019-03-20 03:00:00,
go.rudyc.receive_chats,2019-03-20 03:00:10,
go.rudyc.roi_character,2019-03-20 02:25:20,0.00987234
go.rudyc.roi_character,2019-03-20 02:25:30,0.009114614
go.rudyc.roi_character,2019-03-20 02:25:40,0.008323977
go.rudyc.roi_character,2019-03-20 02:25:50,0.006327065
go.rudyc.roi_character,2019-03-20 02:26:00,0.005504063
go.rudyc.roi_character,2019-03-20 02:26:10,0.019763397
go.rudyc.roi_character,2019-03-20 02:26:20,0.007355441
go.rudyc.roi_character,2019-03-20 02:26:30,0.00924264
go.rudyc.roi_character,2019-03-20 02:26:40,0.006743342
go.rudyc.roi_character,2019-03-20 02:26:50,0.010567337
go.rudyc.roi_character,2019-03-20 02:27:00,
go.rudyc.roi_character,2019-03-20 02:27:10,
go.rudyc.roi_character,2019-03-20 02:27:20,
go.rudyc.roi_character,2019-03-20 02:27:30,
go.rudyc.roi_character,2019-03-20 02:27:40,
go.rudyc.roi_character,2019-03-20 02:27:50,
go.rudyc.roi_character,2019-03-20 02:28:00,
go.rudyc.roi_character,2019-03-20 02:28:10,
go.rudyc.roi_character,2019-03-20 02:28:20,
go.rudyc.roi_character,2019-03-20 02:28:30,
go.rudyc.roi_character,2019-03-20 02:28:40,
go.rudyc.roi_character,2019-03-20 02:28:50,
go.rudyc.roi_character,2019-03-20 02:29:00,
go.rudyc.roi_character,2019-03-20 02:29:10,
go.rudyc.roi_character,2019-03-20 02:29:20,
go.rudyc.roi_character,2019-03-20 02:29:30,
go.rudyc.roi_character,2019-03-20 02:29:40,
go.rudyc.roi_character,2019-03-20 02:29:50,
go.rudyc.roi_character,2019-03-20 02:30:00,
go.rudyc.roi_character,2019-03-20 02:30:10,
go.rudyc.roi_character,2019-03-20 02:30:20,
go.rudyc.roi_character,2019-03-20 02:30:30,
go.rudyc.roi_character,2019-03-20 02:30:40,
go.rudyc.roi_character,2019-03-20 02:30:50,
go.rudyc.roi_character,2019-03-20 02:31:00,
go.rudyc.roi_character,2019-03-20 02:31:10,
go.rudyc.roi_character,2019-03-20 02:31:20,
go.rudyc.roi_character,2019-03-20 02:31:30,
go.rudyc.roi_character,2019-03-20 02:31:40,
go.rudyc.roi_character,2019-03-20 02:31:50,
go.rudyc.roi_character,2019-03-20 02:32:00,
go.rudyc.roi_character,2019-03-20 02:32:10,
go.rudyc.roi_character,2019-03-20 02:32:20,
go.rudyc.roi_character,2019-03-20 02:32:30,
go.rudyc.roi_character,2019-03-20 02:32:40,
go.rudyc.roi_character,2019-03-20 02:32:50,
go.rudyc.roi_character,2019-03-20 02:33:00,
go.rudyc.roi_character,2019-03-20 02:33:10,
go.rudyc.roi_character,2019-03-20 02:33:20,
go.rudyc.roi_character,2019-03-20 02:33:30,
go.rudyc.roi_character,2019-03-20 02:33:40,
go.rudyc.roi_character,2019-03-20 02:33:50,
go.rudyc.roi_character,2019-03-20 02:34:00,
go.rudyc.roi_character,2019-03-20 02:34:10,
go.rudyc.roi_character,2019-03-20 02:34:20,
go.rudyc.roi_character,2019-03-20 02:34:30,
go.rudyc.roi_character,2019-03-20 02:34:40,
go.rudyc.roi_character,2019-03-20 02:34:50,
go.rudyc.roi_character,2019-03-20 02:35:00,
go.rudyc.roi_character,2019-03-20 02:35:10,
go.rudyc.roi_character,2019-03-20 02:35:20,
go.rudyc.roi_character,2019-03-20 02:35:30,
go.rudyc.roi_character,2019-03-20 02:35:40,
go.rudyc.roi_character,2019-03-20 02:35:50,
go.rudyc.roi_character,2019-03-20 02:36:00,
go.rudyc.roi_character,2019-03-20 02:36:10,
go.rudyc.roi_character,2019-03-20 02:36:20,
go.rudyc.roi_character,2019-03-20 02:36:30,
go.rudyc.roi_character,2019-03-20 02:36:40,
go.rudyc.roi_character,2019-03-20 02:36:50,
go.rudyc.roi_character,2019-03-20 02:37:00,
go.rudyc.roi_character,2019-03-20 02:37:10,
go.rudyc.roi_character,2019-03-20 02:37:20,
go.rudyc.roi_character,2019-03-20 02:37:30,
go.rudyc.roi_character,2019-03-20 02:37:40,
go.rudyc.roi_character,2019-03-20 02:37:50,0.009214138
go.rudyc.roi_character,2019-03-20 02:38:00,0.006457047
go.rudyc.roi_character,2019-03-20 02:38:10,0.007284586
go.rudyc.roi_character,2019-03-20 02:38:20,0.007222539
go.rudyc.roi_character,2019-03-20 02:38:30,0.0077173
go.rudyc.roi_character,2019-03-20 02:38:40,0.011798951
go.rudyc.roi_character,2019-03-20 02:38:50,0.015446117
go.rudyc.roi_character,2019-03-20 02:39:00,0.008121368
go.rudyc.roi_character,2019-03-20 02:39:10,0.007287654
go.rudyc.roi_character,2019-03-20 02:39:20,0.007794775
go.rudyc.roi_character,2019-03-20 02:39:30,0.008185534
go.rudyc.roi_character,2019-03-20 02:39:40,0.007771888
go.rudyc.roi_character,2019-03-20 02:39:50,0.006632099
go.rudyc.roi_character,2019-03-20 02:40:00,0.008258742
go.rudyc.roi_character,2019-03-20 02:40:10,0.012980524
go.rudyc.roi_character,2019-03-20 02:40:20,0.008126382
go.rudyc.roi_character,2019-03-20 02:40:30,0.011044059
go.rudyc.roi_character,2019-03-20 02:40:40,0.011039376
go.rudyc.roi_character,2019-03-20 02:40:50,0.009201775
go.rudyc.roi_character,2019-03-20 02:41:00,0.011812372
go.rudyc.roi_character,2019-03-20 02:41:10,0.015385297
go.rudyc.roi_character,2019-03-20 02:41:20,0.010163368
go.rudyc.roi_character,2019-03-20 02:41:30,0.017425942
go.rudyc.roi_character,2019-03-20 02:41:40,0.01379525
go.rudyc.roi_character,2019-03-20 02:41:50,0.023811749
go.rudyc.roi_character,2019-03-20 02:42:00,0.007107545
go.rudyc.roi_character,2019-03-20 02:42:10,0.010371361
go.rudyc.roi_character,2019-03-20 02:42:20,0.010997158
go.rudyc.roi_character,2019-03-20 02:42:30,0.01144976
go.rudyc.roi_character,2019-03-20 02:42:40,0.016745631
go.rudyc.roi_character,2019-03-20 02:42:50,0.017548048
go.rudyc.roi_character,2019-03-20 02:43:00,0.04969569
go.rudyc.roi_character,2019-03-20 02:43:10,0.015454523
go.rudyc.roi_character,2019-03-20 02:43:20,0.010028731
go.rudyc.roi_character,2019-03-20 02:43:30,0.040185119
go.rudyc.roi_character,2019-03-20 02:43:40,0.011513373
go.rudyc.roi_character,2019-03-20 02:43:50,0.068836018
go.rudyc.roi_character,2019-03-20 02:44:00,0.054808196
go.rudyc.roi_character,2019-03-20 02:44:10,0.016639522
go.rudyc.roi_character,2019-03-20 02:44:20,0.143874473
go.rudyc.roi_character,2019-03-20 02:44:30,0.129123271
go.rudyc.roi_character,2019-03-20 02:44:40,0.018228744
go.rudyc.roi_character,2019-03-20 02:44:50,0.014460001
go.rudyc.roi_character,2019-03-20 02:45:00,0.03023266
go.rudyc.roi_character,2019-03-20 02:45:10,0.015647272
go.rudyc.roi_character,2019-03-20 02:45:20,0.021696356
go.rudyc.roi_character,2019-03-20 02:45:30,0.016620384
go.rudyc.roi_character,2019-03-20 02:45:40,0.018906917
go.rudyc.roi_character,2019-03-20 02:45:50,0.049610697
go.rudyc.roi_character,2019-03-20 02:46:00,0.020213454
go.rudyc.roi_character,2019-03-20 02:46:10,0.01332202
go.rudyc.roi_character,2019-03-20 02:46:20,0.011675239
go.rudyc.roi_character,2019-03-20 02:46:30,0.011767184
go.rudyc.roi_character,2019-03-20 02:46:40,0.202245501
go.rudyc.roi_character,2019-03-20 02:46:50,0.018477886
go.rudyc.roi_character,2019-03-20 02:47:00,0.021302668
go.rudyc.roi_character,2019-03-20 02:47:10,0.017836742
go.rudyc.roi_character,2019-03-20 02:47:20,0.0186136
go.rudyc.roi_character,2019-03-20 02:47:30,0.035707351
go.rudyc.roi_character,2019-03-20 02:47:40,
go.rudyc.roi_character,2019-03-20 02:47:50,
go.rudyc.roi_character,2019-03-20 02:48:00,
go.rudyc.roi_character,2019-03-20 02:48:10,
go.rudyc.roi_character,2019-03-20 02:48:20,
go.rudyc.roi_character,2019-03-20 02:48:30,
go.rudyc.roi_character,2019-03-20 02:48:40,
go.rudyc.roi_character,2019-03-20 02:48:50,
go.rudyc.roi_character,2019-03-20 02:49:00,
go.rudyc.roi_character,2019-03-20 02:49:10,
go.rudyc.roi_character,2019-03-20 02:49:20,
go.rudyc.roi_character,2019-03-20 02:49:30,
go.rudyc.roi_character,2019-03-20 02:49:40,
go.rudyc.roi_character,2019-03-20 02:49:50,
go.rudyc.roi_character,2019-03-20 02:50:00,
go.rudyc.roi_character,2019-03-20 02:50:10,
go.rudyc.roi_character,2019-03-20 02:50:20,
go.rudyc.roi_character,2019-03-20 02:50:30,
go.rudyc.roi_character,2019-03-20 02:50:40,
go.rudyc.roi_character,2019-03-20 02:50:50,
go.rudyc.roi_character,2019-03-20 02:51:00,
go.rudyc.roi_character,2019-03-20 02:51:10,
go.rudyc.roi_character,2019-03-20 02:51:20,
go.rudyc.roi_character,2019-03-20 02:51:30,
go.rudyc.roi_character,2019-03-20 02:51:40,
go.rudyc.roi_character,2019-03-20 02:51:50,
go.rudyc.roi_character,2019-03-20 02:52:00,
go.rudyc.roi_character,2019-03-20 02:52:10,
go.rudyc.roi_character,2019-03-20 02:52:20,
go.rudyc.roi_character,2019-03-20 02:52:30,
go.rudyc.roi_character,2019-03-20 02:52:40,
go.rudyc.roi_character,2019-03-20 02:52:50,
go.rudyc.roi_character,2019-03-20 02:53:00,
go.rudyc.roi_character,2019-03-20 02:53:10,
go.rudyc.roi_character,2019-03-20 02:53:20,
go.rudyc.roi_character,2019-03-20 02:53:30,
go.rudyc.roi_character,2019-03-20 02:53:40,
go.rudyc.roi_character,2019-03-20 02:53:50,
go.rudyc.roi_character,2019-03-20 02:54:00,
go.rudyc.roi_character,2019-03-20 02:54:10,
go.rudyc.roi_character,2019-03-20 02:54:20,
go.rudyc.roi_character,2019-03-20 02:54:30,
go.rudyc.roi_character,2019-03-20 02:54:40,
go.rudyc.roi_character,2019-03-20 02:54:50,
go.rudyc.roi_character,2019-03-20 02:55:00,
go.rudyc.roi_character,2019-03-20 02:55:10,
go.rudyc.roi_character,2019-03-20 02:55:20,
go.rudyc.roi_character,2019-03-20 02:55:30,
go.rudyc.roi_character,2019-03-20 02:55:40,
go.rudyc.roi_character,2019-03-20 02:55:50,
go.rudyc.roi_character,2019-03-20 02:56:00,
go.rudyc.roi_character,2019-03-20 02:56:10,
go.rudyc.roi_character,2019-03-20 02:56:20,
go.rudyc.roi_character,2019-03-20 02:56:30,
go.rudyc.roi_character,2019-03-20 02:56:40,
go.rudyc.roi_character,2019-03-20 02:56:50,
go.rudyc.roi_character,2019-03-20 02:57:00,
go.rudyc.roi_character,2019-03-20 02:57:10,
go.rudyc.roi_character,2019-03-20 02:57:20,
go.rudyc.roi_character,2019-03-20 02:57:30,
go.rudyc.roi_character,2019-03-20 02:57:40,
go.rudyc.roi_character,2019-03-20 02:57:50,
go.rudyc.roi_character,2019-03-20 02:58:00,
go.rudyc.roi_character,2019-03-20 02:58:10,
go.rudyc.roi_character,2019-03-20 02:58:20,
go.rudyc.roi_character,2019-03-20 02:58:30,
go.rudyc.roi_character,2019-03-20 02:58:40,
go.rudyc.roi_character,2019-03-20 02:58:50,
go.rudyc.roi_character,2019-03-20 02:59:00,
go.rudyc.roi_character,2019-03-20 02:59:10,
go.rudyc.roi_character,2019-03-20 02:59:20,
go.rudyc.roi_character,2019-03-20 02:59:30,
go.rudyc.roi_character,2019-03-20 02:59:40,
go.rudyc.roi_character,2019-03-20 02:59:50,
go.rudyc.roi_character,2019-03-20 03:00:00,
go.rudyc.roi_character,2019-03-20 03:00:10,
go.rudyc.select_character,2019-03-20 02:25:20,
go.rudyc.select_character,2019-03-20 02:25:30,
go.rudyc.select_character,2019-03-20 02:25:40,
go.rudyc.select_character,2019-03-20 02:25:50,
go.rudyc.select_character,2019-03-20 02:26:00,0.000829996
go.rudyc.select_character,2019-03-20 02:26:10,0.001241554
go.rudyc.select_character,2019-03-20 02:26:20,
go.rudyc.select_character,2019-03-20 02:26:30,
go.rudyc.select_character,2019-03-20 02:26:40,
go.rudyc.select_character,2019-03-20 02:26:50,
go.rudyc.select_character,2019-03-20 02:27:00,
go.rudyc.select_character,2019-03-20 02:27:10,
go.rudyc.select_character,2019-03-20 02:27:20,
go.rudyc.select_character,2019-03-20 02:27:30,
go.rudyc.select_character,2019-03-20 02:27:40,
go.rudyc.select_character,2019-03-20 02:27:50,
go.rudyc.select_character,2019-03-20 02:28:00,
go.rudyc.select_character,2019-03-20 02:28:10,
go.rudyc.select_character,2019-03-20 02:28:20,
go.rudyc.select_character,2019-03-20 02:28:30,
go.rudyc.select_character,2019-03-20 02:28:40,
go.rudyc.select_character,2019-03-20 02:28:50,
go.rudyc.select_character,2019-03-20 02:29:00,
go.rudyc.select_character,2019-03-20 02:29:10,
go.rudyc.select_character,2019-03-20 02:29:20,
go.rudyc.select_character,2019-03-20 02:29:30,
go.rudyc.select_character,2019-03-20 02:29:40,
go.rudyc.select_character,2019-03-20 02:29:50,
go.rudyc.select_character,2019-03-20 02:30:00,
go.rudyc.select_character,2019-03-20 02:30:10,
go.rudyc.select_character,2019-03-20 02:30:20,
go.rudyc.select_character,2019-03-20 02:30:30,
go.rudyc.select_character,2019-03-20 02:30:40,
go.rudyc.select_character,2019-03-20 02:30:50,
go.rudyc.select_character,2019-03-20 02:31:00,
go.rudyc.select_character,2019-03-20 02:31:10,
go.rudyc.select_character,2019-03-20 02:31:20,
go.rudyc.select_character,2019-03-20 02:31:30,
go.rudyc.select_character,2019-03-20 02:31:40,
go.rudyc.select_character,2019-03-20 02:31:50,
go.rudyc.select_character,2019-03-20 02:32:00,
go.rudyc.select_character,2019-03-20 02:32:10,
go.rudyc.select_character,2019-03-20 02:32:20,
go.rudyc.select_character,2019-03-20 02:32:30,
go.rudyc.select_character,2019-03-20 02:32:40,
go.rudyc.select_character,2019-03-20 02:32:50,
go.rudyc.select_character,2019-03-20 02:33:00,
go.rudyc.select_character,2019-03-20 02:33:10,
go.rudyc.select_character,2019-03-20 02:33:20,
go.rudyc.select_character,2019-03-20 02:33:30,
go.rudyc.select_character,2019-03-20 02:33:40,
go.rudyc.select_character,2019-03-20 02:33:50,
go.rudyc.select_character,2019-03-20 02:34:00,
go.rudyc.select_character,2019-03-20 02:34:10,
go.rudyc.select_character,2019-03-20 02:34:20,
go.rudyc.select_character,2019-03-20 02:34:30,
go.rudyc.select_character,2019-03-20 02:34:40,
go.rudyc.select_character,2019-03-20 02:34:50,
go.rudyc.select_character,2019-03-20 02:35:00,
go.rudyc.select_character,2019-03-20 02:35:10,
go.rudyc.select_character,2019-03-20 02:35:20,
go.rudyc.select_character,2019-03-20 02:35:30,
go.rudyc.select_character,2019-03-20 02:35:40,
go.rudyc.select_character,2019-03-20 02:35:50,
go.rudyc.select_character,2019-03-20 02:36:00,
go.rudyc.select_character,2019-03-20 02:36:10,
go.rudyc.select_character,2019-03-20 02:36:20,
go.rudyc.select_character,2019-03-20 02:36:30,
go.rudyc.select_character,2019-03-20 02:36:40,
go.rudyc.select_character,2019-03-20 02:36:50,
go.rudyc.select_character,2019-03-20 02:37:00,
go.rudyc.select_character,2019-03-20 02:37:10,
go.rudyc.select_character,2019-03-20 02:37:20,
go.rudyc.select_character,2019-03-20 02:37:30,
go.rudyc.select_character,2019-03-20 02:37:40,
go.rudyc.select_character,2019-03-20 02:37:50,0.001088592
go.rudyc.select_character,2019-03-20 02:38:00,
go.rudyc.select_character,2019-03-20 02:38:10,
go.rudyc.select_character,2019-03-20 02:38:20,
go.rudyc.select_character,2019-03-20 02:38:30,
go.rudyc.select_character,2019-03-20 02:38:40,
go.rudyc.select_character,2019-03-20 02:38:50,
go.rudyc.select_character,2019-03-20 02:39:00,0.001265542
go.rudyc.select_character,2019-03-20 02:39:10,
go.rudyc.select_character,2019-03-20 02:39:20,
go.rudyc.select_character,2019-03-20 02:39:30,
go.rudyc.select_character,2019-03-20 02:39:40,
go.rudyc.select_character,2019-03-20 02:39:50,
go.rudyc.select_character,2019-03-20 02:40:00,
go.rudyc.select_character,2019-03-20 02:40:10,0.006696001
go.rudyc.select_character,2019-03-20 02:40:20,
go.rudyc.select_character,2019-03-20 02:40:30,
go.rudyc.select_character,2019-03-20 02:40:40,
go.rudyc.select_character,2019-03-20 02:40:50,
go.rudyc.select_character,2019-03-20 02:41:00,
go.rudyc.select_character,2019-03-20 02:41:10,
go.rudyc.select_character,2019-03-20 02:41:20,0.001007624
go.rudyc.select_character,2019-03-20 02:41:30,
go.rudyc.select_character,2019-03-20 02:41:40,
go.rudyc.select_character,2019-03-20 02:41:50,
go.rudyc.select_character,2019-03-20 02:42:00,
go.rudyc.select_character,2019-03-20 02:42:10,
go.rudyc.select_character,2019-03-20 02:42:20,
go.rudyc.select_character,2019-03-20 02:42:30,0.001077752
go.rudyc.select_character,2019-03-20 02:42:40,
go.rudyc.select_character,2019-03-20 02:42:50,
go.rudyc.select_character,2019-03-20 02:43:00,
go.rudyc.select_character,2019-03-20 02:43:10,
go.rudyc.select_character,2019-03-20 02:43:20,
go.rudyc.select_character,2019-03-20 02:43:30,
go.rudyc.select_character,2019-03-20 02:43:40,0.001472277
go.rudyc.select_character,2019-03-20 02:43:50,
go.rudyc.select_character,2019-03-20 02:44:00,
go.rudyc.select_character,2019-03-20 02:44:10,
go.rudyc.select_character,2019-03-20 02:44:20,
go.rudyc.select_character,2019-03-20 02:44:30,
go.rudyc.select_character,2019-03-20 02:44:40,0.00109352
go.rudyc.select_character,2019-03-20 02:44:50,
go.rudyc.select_character,2019-03-20 02:45:00,
go.rudyc.select_character,2019-03-20 02:45:10,
go.rudyc.select_character,2019-03-20 02:45:20,
go.rudyc.select_character,2019-03-20 02:45:30,
go.rudyc.select_character,2019-03-20 02:45:40,
go.rudyc.select_character,2019-03-20 02:45:50,0.001234731
go.rudyc.select_character,2019-03-20 02:46:00,
go.rudyc.select_character,2019-03-20 02:46:10,
go.rudyc.select_character,2019-03-20 02:46:20,
go.rudyc.select_character,2019-03-20 02:46:30,
go.rudyc.select_character,2019-03-20 02:46:40,
go.rudyc.select_character,2019-03-20 02:46:50,
go.rudyc.select_character,2019-03-20 02:47:00,0.000963376
go.rudyc.select_character,2019-03-20 02:47:10,
go.rudyc.select_character,2019-03-20 02:47:20,
go.rudyc.select_character,2019-03-20 02:47:30,
go.rudyc.select_character,2019-03-20 02:47:40,
go.rudyc.select_character,2019-03-20 02:47:50,
go.rudyc.select_character,2019-03-20 02:48:00,
go.rudyc.select_character,2019-03-20 02:48:10,
go.rudyc.select_character,2019-03-20 02:48:20,
go.rudyc.select_character,2019-03-20 02:48:30,
go.rudyc.select_character,2019-03-20 02:48:40,
go.rudyc.select_character,2019-03-20 02:48:50,
go.rudyc.select_character,2019-03-20 02:49:00,
go.rudyc.select_character,2019-03-20 02:49:10,
go.rudyc.select_character,2019-03-20 02:49:20,
go.rudyc.select_character,2019-03-20 02:49:30,
go.rudyc.select_character,2019-03-20 02:49:40,
go.rudyc.select_character,2019-03-20 02:49:50,
go.rudyc.select_character,2019-03-20 02:50:00,
go.rudyc.select_character,2019-03-20 02:50:10,
go.rudyc.select_character,2019-03-20 02:50:20,
go.rudyc.select_character,2019-03-20 02:50:30,
go.rudyc.select_character,2019-03-20 02:50:40,
go.rudyc.select_character,2019-03-20 02:50:50,
go.rudyc.select_character,2019-03-20 02:51:00,
go.rudyc.select_character,2019-03-20 02:51:10,
go.rudyc.select_character,2019-03-20 02:51:20,
go.rudyc.select_character,2019-03-20 02:51:30,
go.rudyc.select_character,2019-03-20 02:51:40,
go.rudyc.select_character,2019-03-20 02:51:50,
go.rudyc.select_character,2019-03-20 02:52:00,
go.rudyc.select_character,2019-03-20 02:52:10,
go.rudyc.select_character,2019-03-20 02:52:20,
go.rudyc.select_character,2019-03-20 02:52:30,
go.rudyc.select_character,2019-03-20 02:52:40,
go.rudyc.select_character,2019-03-20 02:52:50,
go.rudyc.select_character,2019-03-20 02:53:00,
go.rudyc.select_character,2019-03-20 02:53:10,
go.rudyc.select_character,2019-03-20 02:53:20,
go.rudyc.select_character,2019-03-20 02:53:30,
go.rudyc.select_character,2019-03-20 02:53:40,
go.rudyc.select_character,2019-03-20 02:53:50,
go.rudyc.select_character,2019-03-20 02:54:00,
go.rudyc.select_character,2019-03-20 02:54:10,
go.rudyc.select_character,2019-03-20 02:54:20,
go.rudyc.select_character,2019-03-20 02:54:30,
go.rudyc.select_character,2019-03-20 02:54:40,
go.rudyc.select_character,2019-03-20 02:54:50,
go.rudyc.select_character,2019-03-20 02:55:00,
go.rudyc.select_character,2019-03-20 02:55:10,
go.rudyc.select_character,2019-03-20 02:55:20,
go.rudyc.select_character,2019-03-20 02:55:30,
go.rudyc.select_character,2019-03-20 02:55:40,
go.rudyc.select_character,2019-03-20 02:55:50,
go.rudyc.select_character,2019-03-20 02:56:00,
go.rudyc.select_character,2019-03-20 02:56:10,
go.rudyc.select_character,2019-03-20 02:56:20,
go.rudyc.select_character,2019-03-20 02:56:30,
go.rudyc.select_character,2019-03-20 02:56:40,
go.rudyc.select_character,2019-03-20 02:56:50,
go.rudyc.select_character,2019-03-20 02:57:00,
go.rudyc.select_character,2019-03-20 02:57:10,
go.rudyc.select_character,2019-03-20 02:57:20,
go.rudyc.select_character,2019-03-20 02:57:30,
go.rudyc.select_character,2019-03-20 02:57:40,
go.rudyc.select_character,2019-03-20 02:57:50,
go.rudyc.select_character,2019-03-20 02:58:00,
go.rudyc.select_character,2019-03-20 02:58:10,
go.rudyc.select_character,2019-03-20 02:58:20,
go.rudyc.select_character,2019-03-20 02:58:30,
go.rudyc.select_character,2019-03-20 02:58:40,
go.rudyc.select_character,2019-03-20 02:58:50,
go.rudyc.select_character,2019-03-20 02:59:00,
go.rudyc.select_character,2019-03-20 02:59:10,
go.rudyc.select_character,2019-03-20 02:59:20,
go.rudyc.select_character,2019-03-20 02:59:30,
go.rudyc.select_character,2019-03-20 02:59:40,
go.rudyc.select_character,2019-03-20 02:59:50,
go.rudyc.select_character,2019-03-20 03:00:00,
go.rudyc.select_character,2019-03-20 03:00:10,
go.rudyc.send_chat,2019-03-20 02:25:20,0.001195872
go.rudyc.send_chat,2019-03-20 02:25:30,0.001126807
go.rudyc.send_chat,2019-03-20 02:25:40,0.001101549
go.rudyc.send_chat,2019-03-20 02:25:50,0.001361899
go.rudyc.send_chat,2019-03-20 02:26:00,0.001119761
go.rudyc.send_chat,2019-03-20 02:26:10,0.000868838
go.rudyc.send_chat,2019-03-20 02:26:20,0.00143765
go.rudyc.send_chat,2019-03-20 02:26:30,0.00098322
go.rudyc.send_chat,2019-03-20 02:26:40,0.001053716
go.rudyc.send_chat,2019-03-20 02:26:50,0.000898895
go.rudyc.send_chat,2019-03-20 02:27:00,
go.rudyc.send_chat,2019-03-20 02:27:10,
go.rudyc.send_chat,2019-03-20 02:27:20,
go.rudyc.send_chat,2019-03-20 02:27:30,
go.rudyc.send_chat,2019-03-20 02:27:40,
go.rudyc.send_chat,2019-03-20 02:27:50,
go.rudyc.send_chat,2019-03-20 02:28:00,
go.rudyc.send_chat,2019-03-20 02:28:10,
go.rudyc.send_chat,2019-03-20 02:28:20,
go.rudyc.send_chat,2019-03-20 02:28:30,
go.rudyc.send_chat,2019-03-20 02:28:40,
go.rudyc.send_chat,2019-03-20 02:28:50,
go.rudyc.send_chat,2019-03-20 02:29:00,
go.rudyc.send_chat,2019-03-20 02:29:10,
go.rudyc.send_chat,2019-03-20 02:29:20,
go.rudyc.send_chat,2019-03-20 02:29:30,
go.rudyc.send_chat,2019-03-20 02:29:40,
go.rudyc.send_chat,2019-03-20 02:29:50,
go.rudyc.send_chat,2019-03-20 02:30:00,
go.rudyc.send_chat,2019-03-20 02:30:10,
go.rudyc.send_chat,2019-03-20 02:30:20,
go.rudyc.send_chat,2019-03-20 02:30:30,
go.rudyc.send_chat,2019-03-20 02:30:40,
go.rudyc.send_chat,2019-03-20 02:30:50,
go.rudyc.send_chat,2019-03-20 02:31:00,
go.rudyc.send_chat,2019-03-20 02:31:10,
go.rudyc.send_chat,2019-03-20 02:31:20,
go.rudyc.send_chat,2019-03-20 02:31:30,
go.rudyc.send_chat,2019-03-20 02:31:40,
go.rudyc.send_chat,2019-03-20 02:31:50,
go.rudyc.send_chat,2019-03-20 02:32:00,
go.rudyc.send_chat,2019-03-20 02:32:10,
go.rudyc.send_chat,2019-03-20 02:32:20,
go.rudyc.send_chat,2019-03-20 02:32:30,
go.rudyc.send_chat,2019-03-20 02:32:40,
go.rudyc.send_chat,2019-03-20 02:32:50,
go.rudyc.send_chat,2019-03-20 02:33:00,
go.rudyc.send_chat,2019-03-20 02:33:10,
go.rudyc.send_chat,2019-03-20 02:33:20,
go.rudyc.send_chat,2019-03-20 02:33:30,
go.rudyc.send_chat,2019-03-20 02:33:40,
go.rudyc.send_chat,2019-03-20 02:33:50,
go.rudyc.send_chat,2019-03-20 02:34:00,
go.rudyc.send_chat,2019-03-20 02:34:10,
go.rudyc.send_chat,2019-03-20 02:34:20,
go.rudyc.send_chat,2019-03-20 02:34:30,
go.rudyc.send_chat,2019-03-20 02:34:40,
go.rudyc.send_chat,2019-03-20 02:34:50,
go.rudyc.send_chat,2019-03-20 02:35:00,
go.rudyc.send_chat,2019-03-20 02:35:10,
go.rudyc.send_chat,2019-03-20 02:35:20,
go.rudyc.send_chat,2019-03-20 02:35:30,
go.rudyc.send_chat,2019-03-20 02:35:40,
go.rudyc.send_chat,2019-03-20 02:35:50,
go.rudyc.send_chat,2019-03-20 02:36:00,
go.rudyc.send_chat,2019-03-20 02:36:10,
go.rudyc.send_chat,2019-03-20 02:36:20,
go.rudyc.send_chat,2019-03-20 02:36:30,
go.rudyc.send_chat,2019-03-20 02:36:40,
go.rudyc.send_chat,2019-03-20 02:36:50,
go.rudyc.send_chat,2019-03-20 02:37:00,
go.rudyc.send_chat,2019-03-20 02:37:10,
go.rudyc.send_chat,2019-03-20 02:37:20,
go.rudyc.send_chat,2019-03-20 02:37:30,
go.rudyc.send_chat,2019-03-20 02:37:40,
go.rudyc.send_chat,2019-03-20 02:37:50,0.00117992
go.rudyc.send_chat,2019-03-20 02:38:00,0.001264791
go.rudyc.send_chat,2019-03-20 02:38:10,0.001221614
go.rudyc.send_chat,2019-03-20 02:38:20,0.001397883
go.rudyc.send_chat,2019-03-20 02:38:30,0.001635786
go.rudyc.send_chat,2019-03-20 02:38:40,0.001046289
go.rudyc.send_chat,2019-03-20 02:38:50,0.001537725
go.rudyc.send_chat,2019-03-20 02:39:00,0.001350883
go.rudyc.send_chat,2019-03-20 02:39:10,0.001039445
go.rudyc.send_chat,2019-03-20 02:39:20,0.001205493
go.rudyc.send_chat,2019-03-20 02:39:30,0.001263363
go.rudyc.send_chat,2019-03-20 02:39:40,0.001173646
go.rudyc.send_chat,2019-03-20 02:39:50,0.001088783
go.rudyc.send_chat,2019-03-20 02:40:00,0.001204269
go.rudyc.send_chat,2019-03-20 02:40:10,0.001205317
go.rudyc.send_chat,2019-03-20 02:40:20,0.001337633
go.rudyc.send_chat,2019-03-20 02:40:30,0.001811475
go.rudyc.send_chat,2019-03-20 02:40:40,0.001161669
go.rudyc.send_chat,2019-03-20 02:40:50,0.00123521
go.rudyc.send_chat,2019-03-20 02:41:00,0.001233388
go.rudyc.send_chat,2019-03-20 02:41:10,0.001264065
go.rudyc.send_chat,2019-03-20 02:41:20,0.001159257
go.rudyc.send_chat,2019-03-20 02:41:30,0.003809192
go.rudyc.send_chat,2019-03-20 02:41:40,0.001595126
go.rudyc.send_chat,2019-03-20 02:41:50,0.001428122
go.rudyc.send_chat,2019-03-20 02:42:00,0.001021647
go.rudyc.send_chat,2019-03-20 02:42:10,0.001195127
go.rudyc.send_chat,2019-03-20 02:42:20,0.001171424
go.rudyc.send_chat,2019-03-20 02:42:30,0.001573541
go.rudyc.send_chat,2019-03-20 02:42:40,0.001111476
go.rudyc.send_chat,2019-03-20 02:42:50,0.002432807
go.rudyc.send_chat,2019-03-20 02:43:00,0.001113208
go.rudyc.send_chat,2019-03-20 02:43:10,0.00101071
go.rudyc.send_chat,2019-03-20 02:43:20,0.001351356
go.rudyc.send_chat,2019-03-20 02:43:30,0.001187186
go.rudyc.send_chat,2019-03-20 02:43:40,0.001397931
go.rudyc.send_chat,2019-03-20 02:43:50,0.004508583
go.rudyc.send_chat,2019-03-20 02:44:00,0.013560067
go.rudyc.send_chat,2019-03-20 02:44:10,0.00163094
go.rudyc.send_chat,2019-03-20 02:44:20,0.051306009
go.rudyc.send_chat,2019-03-20 02:44:30,0.017958943
go.rudyc.send_chat,2019-03-20 02:44:40,0.001183349
go.rudyc.send_chat,2019-03-20 02:44:50,0.004838785
go.rudyc.send_chat,2019-03-20 02:45:00,0.001191414
go.rudyc.send_chat,2019-03-20 02:45:10,0.005756526
go.rudyc.send_chat,2019-03-20 02:45:20,0.001543786
go.rudyc.send_chat,2019-03-20 02:45:30,0.001249177
go.rudyc.send_chat,2019-03-20 02:45:40,0.29162219
go.rudyc.send_chat,2019-03-20 02:45:50,0.058864519
go.rudyc.send_chat,2019-03-20 02:46:00,0.004432062
go.rudyc.send_chat,2019-03-20 02:46:10,0.001455637
go.rudyc.send_chat,2019-03-20 02:46:20,0.001769528
go.rudyc.send_chat,2019-03-20 02:46:30,0.341197284
go.rudyc.send_chat,2019-03-20 02:46:40,0.003111712
go.rudyc.send_chat,2019-03-20 02:46:50,0.00123384
go.rudyc.send_chat,2019-03-20 02:47:00,0.004429202
go.rudyc.send_chat,2019-03-20 02:47:10,0.001468023
go.rudyc.send_chat,2019-03-20 02:47:20,0.007174198
go.rudyc.send_chat,2019-03-20 02:47:30,0.00119416
go.rudyc.send_chat,2019-03-20 02:47:40,
go.rudyc.send_chat,2019-03-20 02:47:50,
go.rudyc.send_chat,2019-03-20 02:48:00,
go.rudyc.send_chat,2019-03-20 02:48:10,
go.rudyc.send_chat,2019-03-20 02:48:20,
go.rudyc.send_chat,2019-03-20 02:48:30,
go.rudyc.send_chat,2019-03-20 02:48:40,
go.rudyc.send_chat,2019-03-20 02:48:50,
go.rudyc.send_chat,2019-03-20 02:49:00,
go.rudyc.send_chat,2019-03-20 02:49:10,
go.rudyc.send_chat,2019-03-20 02:49:20,
go.rudyc.send_chat,2019-03-20 02:49:30,
go.rudyc.send_chat,2019-03-20 02:49:40,
go.rudyc.send_chat,2019-03-20 02:49:50,
go.rudyc.send_chat,2019-03-20 02:50:00,
go.rudyc.send_chat,2019-03-20 02:50:10,
go.rudyc.send_chat,2019-03-20 02:50:20,
go.rudyc.send_chat,2019-03-20 02:50:30,
go.rudyc.send_chat,2019-03-20 02:50:40,
go.rudyc.send_chat,2019-03-20 02:50:50,
go.rudyc.send_chat,2019-03-20 02:51:00,
go.rudyc.send_chat,2019-03-20 02:51:10,
go.rudyc.send_chat,2019-03-20 02:51:20,
go.rudyc.send_chat,2019-03-20 02:51:30,
go.rudyc.send_chat,2019-03-20 02:51:40,
go.rudyc.send_chat,2019-03-20 02:51:50,
go.rudyc.send_chat,2019-03-20 02:52:00,
go.rudyc.send_chat,2019-03-20 02:52:10,
go.rudyc.send_chat,2019-03-20 02:52:20,
go.rudyc.send_chat,2019-03-20 02:52:30,
go.rudyc.send_chat,2019-03-20 02:52:40,
go.rudyc.send_chat,2019-03-20 02:52:50,
go.rudyc.send_chat,2019-03-20 02:53:00,
go.rudyc.send_chat,2019-03-20 02:53:10,
go.rudyc.send_chat,2019-03-20 02:53:20,
go.rudyc.send_chat,2019-03-20 02:53:30,
go.rudyc.send_chat,2019-03-20 02:53:40,
go.rudyc.send_chat,2019-03-20 02:53:50,
go.rudyc.send_chat,2019-03-20 02:54:00,
go.rudyc.send_chat,2019-03-20 02:54:10,
go.rudyc.send_chat,2019-03-20 02:54:20,
go.rudyc.send_chat,2019-03-20 02:54:30,
go.rudyc.send_chat,2019-03-20 02:54:40,
go.rudyc.send_chat,2019-03-20 02:54:50,
go.rudyc.send_chat,2019-03-20 02:55:00,
go.rudyc.send_chat,2019-03-20 02:55:10,
go.rudyc.send_chat,2019-03-20 02:55:20,
go.rudyc.send_chat,2019-03-20 02:55:30,
go.rudyc.send_chat,2019-03-20 02:55:40,
go.rudyc.send_chat,2019-03-20 02:55:50,
go.rudyc.send_chat,2019-03-20 02:56:00,
go.rudyc.send_chat,2019-03-20 02:56:10,
go.rudyc.send_chat,2019-03-20 02:56:20,
go.rudyc.send_chat,2019-03-20 02:56:30,
go.rudyc.send_chat,2019-03-20 02:56:40,
go.rudyc.send_chat,2019-03-20 02:56:50,
go.rudyc.send_chat,2019-03-20 02:57:00,
go.rudyc.send_chat,2019-03-20 02:57:10,
go.rudyc.send_chat,2019-03-20 02:57:20,
go.rudyc.send_chat,2019-03-20 02:57:30,
go.rudyc.send_chat,2019-03-20 02:57:40,
go.rudyc.send_chat,2019-03-20 02:57:50,
go.rudyc.send_chat,2019-03-20 02:58:00,
go.rudyc.send_chat,2019-03-20 02:58:10,
go.rudyc.send_chat,2019-03-20 02:58:20,
go.rudyc.send_chat,2019-03-20 02:58:30,
go.rudyc.send_chat,2019-03-20 02:58:40,
go.rudyc.send_chat,2019-03-20 02:58:50,
go.rudyc.send_chat,2019-03-20 02:59:00,
go.rudyc.send_chat,2019-03-20 02:59:10,
go.rudyc.send_chat,2019-03-20 02:59:20,
go.rudyc.send_chat,2019-03-20 02:59:30,
go.rudyc.send_chat,2019-03-20 02:59:40,
go.rudyc.send_chat,2019-03-20 02:59:50,
go.rudyc.send_chat,2019-03-20 03:00:00,
go.rudyc.send_chat,2019-03-20 03:00:10,
